{
  "Filmy 2018" 		: {"lib":1,"idx":1,"count":" (6)","update":"Aktualizacja: [COLOR aqua]2018-03-17[/COLOR]","jsonfile":"https://drive.google.com/uc?export=download&id=1h-Ws6p9ul2-x8dR_EtYgLXB3c9rT_LiH","img":"film2018.png","plot":"Najnowsze filmy z 2018"},
  "Filmy 2017" 		: {"lib":1,"idx":2,"count":" (123)","update":"Aktualizacja: [COLOR aqua]2018-03-17[/COLOR]","jsonfile":"https://drive.google.com/uc?export=download&id=0B0PmlVIxygktWFhJMkIxc3FYRlU","img":"film2017.png","plot":"filmy z 2017"},
  "Filmy 2016" 		: {"lib":1,"idx":3,"count":" (240)","update":"Aktualizacja: [COLOR aqua]2018-03-17[/COLOR]","jsonfile":"https://drive.google.com/uc?export=download&id=0B0PmlVIxygktSU1JdndGNTdieTA","img":"film2016.png","plot":"filmy z 2016"},
  "Filmy 2015" 		: {"lib":1,"idx":4,"count":" (281)","update":"Aktualizacja: [COLOR aqua]2018-03-17[/COLOR]","jsonfile":"https://drive.google.com/uc?export=download&id=0B0PmlVIxygktVHRkbGtBSmRmb1k","img":"film2015.png","plot":"Filmy z 2015"},
  "Filmy Starsze"	: {"lib":1,"idx":5,"count":" (2777)","update":"Aktualizacja: [COLOR aqua]2017-03-02[/COLOR]","jsonfile":"https://drive.google.com/uc?export=download&id=0B0PmlVIxygktYU9pekV3SV9zbU0","img":"filmStarsze.png","plot":"Starsze filmy < 2015"},
  "Filmy Polskie"	: {"lib":1,"idx":6,"count":" (111)","update":"Aktualizacja: [COLOR aqua]2018-03-17[/COLOR]","jsonfile":"https://drive.google.com/uc?export=download&id=0B0PmlVIxygktR1RiX3RraThPcG8","img":"filmPolski.png","plot":"Polskie produkcje filmowe"},
  "Filmy 2k+"		: {"lib":1,"idx":7,"count":" (1617)","update":"Aktualizacja: [COLOR aqua]2018-03-17[/COLOR]","jsonfile":"https://drive.google.com/uc?export=download&id=0B0PmlVIxygktYm83VjBtNlRsdVk","img":"Media.png","plot":"Filmy wyprodukowane powyżyej roku 2000"},
  "Filmy do 1999"	: {"lib":1,"idx":8,"count":" (1048)","update":"Aktualizacja: [COLOR aqua]2018-03-17[/COLOR]","jsonfile":"https://drive.google.com/uc?export=download&id=0B0PmlVIxygktaHdlc21KQ01OeVU","img":"Media.png","plot":"Filmy wyprodukowane do roku 1999"},
  "Filmy 3D"		: {"idx":9,"count":" (9)","update":"Aktualizacja: [COLOR aqua]2018-03-17[/COLOR]","jsonfile":"https://drive.google.com/uc?export=download&id=0B0PmlVIxygktSWQzaXZ2WVY4X2M","img":"film3D.png","plot":"Filmy w 3D SBS lub TAB, wymagany 3D telewizor"},
  "Kolekcje Filmowe" 		: {"idx":10,"count":" (28)","update":"Aktualizacja: [COLOR aqua]2016-03-29[/COLOR]","jsonfile":"https://drive.google.com/uc?export=download&id=0B0PmlVIxygktSmtJNHVLcmRLNGM","img":"kolekcje_filmowe.png","plot":"Serie filmowe z katalogow lub wybrane"},
  "Kolekcje Dokumentalne"	: {"idx":11,"count":" (11)","update":"Aktualizacja: [COLOR aqua]2016-08-20[/COLOR]","jsonfile":"https://drive.google.com/uc?export=download&id=0B0PmlVIxygktRnNodHk0ZDhnV2s","img":"kolekcje_dokumentalne.png","plot":"Filmy dokumentalne"},
  "Bajki"					: {"idx":12,"count":" (10)","update":"Aktualizacja: [COLOR aqua]2016-08-20[/COLOR]","jsonfile":"https://drive.google.com/uc?export=download&id=0B0PmlVIxygktb2xJN1NSVTZqNjA","img":"kolekcje_bajki.png"},
  "Kabarety"				: {"idx":13,"count":" (15)","update":"Aktualizacja: [COLOR aqua]2016-08-20[/COLOR]","jsonfile":"https://drive.google.com/uc?export=download&id=0B0PmlVIxygktNnkxazlHNVg0czA","img":"kolekcje_kabarety.png"},
  "Seriale" 				: {"idx":14,"count":" (11)","update":"Aktualizacja: [COLOR aqua]2018-01-31[/COLOR]","jsonfile":"https://drive.google.com/uc?export=download&id=0B0PmlVIxygktOXZzaGhadXE1MXM","img":"kolekcje_seriale.png"},
  "Foldery użytkowników"	: {"idx":15,"count":" (8)","update":"Aktualizacja: [COLOR aqua]2017-01-14[/COLOR]","jsonfile":"https://drive.google.com/uc?export=download&id=0B0PmlVIxygktSkNCQkhWLTJiZ00","img":"kolekcje_uzytkownikow.png"}
}
