[
  {
    "_filmweb": "748031", 
    "code": "1080p", 
    "dirtytitle": "Niemy (2018) napisy HD", 
    "duration": "", 
    "genre": "Historyczny", 
    "img": "", 
    "label": "[COLOR lightgreen] napisy [/COLOR]", 
    "new": "", 
    "plot": "", 
    "rating": 0, 
    "studio": "Irlandia, Polska", 
    "title": "Krew Boga (2018)", 
    "trailer": "", 
    "url": "https://www.cda.pl/video/201739870", 
    "year": "2018"
  }, 
  {
    "_filmweb": "698207", 
    "code": "1080p", 
    "dirtytitle": "Tw\u00f3j Vincent Full HD (2017) Dubbing PL | Majtek2", 
    "duration": 5700.0, 
    "genre": "Animacja,Dramat,Krymina\u0142", 
    "img": "http://1.fwcdn.pl/po/82/07/698207/7799420.3.jpg", 
    "label": "[COLOR lightgreen] dubbing pl [/COLOR]", 
    "new": "Nowo\u015b\u0107", 
    "plot": "Bohaterowie obraz\u00f3w Vincenta van Gogha przedstawiaj\u0105 histori\u0119 \u017cycia oraz tajemniczej \u015bmierci artysty.", 
    "rating": 8.29955, 
    "studio": "Polska, Wielka Brytania", 
    "title": "Tw\u00f3j Vincent (2017)", 
    "trailer": "http://mm.filmweb.pl/698207/twojvincent_tlr_master_178_r709_pl_xx_r48_2a_hd_24fps_h264_20170829.720p.mp4", 
    "url": "https://www.cda.pl/video/208269358", 
    "year": "2017"
  }, 
  {
    "_filmweb": "673946", 
    "code": "1080p", 
    "dirtytitle": "Jack Strong (2014) PL HD", 
    "duration": 7620.0, 
    "genre": "Thriller,Szpiegowski", 
    "img": "http://1.fwcdn.pl/po/39/46/673946/7590149.3.jpg", 
    "label": "[COLOR lightgreen] pl [/COLOR]", 
    "new": "", 
    "plot": "Ryszard Kukli\u0144ski, pu\u0142kownik Ludowego Wojska Polskiego, decyduje si\u0119 na wsp\u00f3\u0142prac\u0119 z CIA.", 
    "rating": 7.4396963, 
    "studio": "Polska", 
    "title": "Jack Strong (2014)", 
    "trailer": "http://mm.filmweb.pl/673946/js_trailer_25fps_internet.720p.mp4", 
    "url": "https://www.cda.pl/video/202308641", 
    "year": "2014"
  }, 
  {
    "_filmweb": "541", 
    "code": "1080p", 
    "dirtytitle": "Operacja Samum (1999) Ca\u0142y film PL", 
    "duration": 5280.0, 
    "genre": "Dramat,Sensacyjny", 
    "img": "http://1.fwcdn.pl/po/05/41/541/6900801.3.jpg", 
    "label": "[COLOR green] pl [/COLOR]", 
    "msg": "", 
    "new": "Nowo\u015b\u0107", 
    "plot": "Agent J\u00f3zef Mayer pr\u00f3buje ratowa\u0107 uwi\u0119zionego w Iraku syna. Polskie s\u0142u\u017cby wykorzystuj\u0105 jego dzia\u0142ania dla w\u0142asnych cel\u00f3w.", 
    "rating": 6.22065, 
    "studio": "Polska", 
    "title": "Operacja Samum (1999)", 
    "trailer": "", 
    "url": "https://www.cda.pl/video/176336500/vfilm", 
    "year": "1999"
  }, 
  {
    "_filmweb": "5416", 
    "code": "720p", 
    "dirtytitle": "Enak (1992)", 
    "duration": 4860.0, 
    "genre": "Dramat,Sci-Fi", 
    "img": "http://1.fwcdn.pl/po/54/16/5416/3611.3.jpg", 
    "label": "", 
    "msg": "", 
    "new": "Nowo\u015b\u0107", 
    "plot": "", 
    "rating": 5.40786, 
    "studio": "Francja, Niemcy, Polska", 
    "title": "Enak (1992)", 
    "trailer": "", 
    "url": "https://www.cda.pl/video/172966605", 
    "year": "1992"
  }, 
  {
    "_filmweb": "137", 
    "code": "720p", 
    "dirtytitle": "Ogniem i mieczem (1999) film polski HD", 
    "duration": 10500.0, 
    "genre": "Historyczny,Przygodowy", 
    "img": "http://1.fwcdn.pl/po/01/37/137/6900290.3.jpg", 
    "label": "", 
    "msg": "", 
    "new": "", 
    "plot": "Adaptacja powie\u015bci Henryka Sienkiewicza. XVII wiek, na Kresach Wschodnich zbli\u017ca si\u0119 wojna pomi\u0119dzy Rzeczpospolit\u0105 a Kozakami.", 
    "rating": 6.8523064, 
    "studio": "Polska", 
    "title": "Ogniem i mieczem (1999)", 
    "trailer": "", 
    "url": "https://www.cda.pl/video/170137040", 
    "year": "1999"
  }, 
  {
    "_filmweb": "12015", 
    "code": "720p", 
    "dirtytitle": "Zmowa (1988) film polski", 
    "duration": 5580.0, 
    "genre": "Krymina\u0142", 
    "img": "", 
    "label": "", 
    "msg": "", 
    "new": "Nowo\u015b\u0107", 
    "plot": "", 
    "rating": 7.36287, 
    "studio": "Polska", 
    "title": "Zmowa (1988)", 
    "trailer": "", 
    "url": "https://www.cda.pl/video/17178312c", 
    "year": "1988"
  }, 
  {
    "_filmweb": "880", 
    "code": "720p", 
    "dirtytitle": "Wszyscy moi bliscy (1999) Dubbing PL", 
    "duration": 5400.0, 
    "genre": "Dramat obyczajowy", 
    "img": "http://1.fwcdn.pl/po/08/80/880/6979161.3.jpg", 
    "label": "[COLOR green] dubbing pl [/COLOR]", 
    "msg": "", 
    "new": "Nowo\u015b\u0107", 
    "plot": "", 
    "rating": 6.70787, 
    "studio": "Czechy, Polska, S\u0142owacja", 
    "title": "Wszyscy moi bliscy (1999)", 
    "trailer": "", 
    "url": "https://www.cda.pl/video/16718685c/vfilm", 
    "year": "1999"
  }, 
  {
    "_filmweb": "463908", 
    "code": "720p", 
    "dirtytitle": "Droga do raju (2008) Ca\u0142y film PL", 
    "duration": 5700.0, 
    "genre": "Komedia obycz.", 
    "img": "http://1.fwcdn.pl/po/39/08/463908/7324976.3.jpg", 
    "label": "[COLOR green] pl [/COLOR]", 
    "msg": "", 
    "new": "Nowo\u015b\u0107", 
    "plot": "", 
    "rating": 5.523789, 
    "studio": "Polska", 
    "title": "Droga do raju (2008)", 
    "trailer": "http://mm.filmweb.pl/463908/ddr_trl_640.iphone.mp4", 
    "url": "https://www.cda.pl/video/167160435/vfilm", 
    "year": "2008"
  }, 
  {
    "_filmweb": "216910", 
    "code": "1080p", 
    "dirtytitle": "Inland Empire (2006) napisy HD", 
    "duration": 10320.0, 
    "genre": "Fantasy,Thriller", 
    "img": "http://1.fwcdn.pl/po/69/10/216910/7190215_1.3.jpg", 
    "label": "[COLOR green] napisy [/COLOR]", 
    "msg": "", 
    "new": "Nowo\u015b\u0107", 
    "plot": "", 
    "rating": 6.1635785, 
    "studio": "Francja, Polska, USA", 
    "title": "Inland Empire (2006)", 
    "trailer": "", 
    "url": "https://www.cda.pl/video/161886460", 
    "year": "2006"
  }, 
  {
    "_filmweb": "7774", 
    "code": "720p", 
    "dirtytitle": "MI\u0141O\u015a\u0106 CI WSZYSTKO WYBACZY (1981) HD", 
    "duration": 6480.0, 
    "genre": "Biograficzny,Muzyczny", 
    "img": "http://1.fwcdn.pl/po/77/74/7774/7367385.3.jpg", 
    "label": "", 
    "msg": "", 
    "new": "Nowo\u015b\u0107", 
    "plot": "", 
    "rating": 6.713664, 
    "studio": "Polska", 
    "title": "Mi\u0142o\u015b\u0107 ci wszystko wybaczy (1981)", 
    "trailer": "", 
    "url": "https://www.cda.pl/video/160548823/vfilm", 
    "year": "1981"
  }, 
  {
    "_filmweb": "694864", 
    "code": "720p", 
    "dirtytitle": "Warsaw by Night (2014) PL", 
    "duration": 5820.0, 
    "genre": "Dramat,Komedia", 
    "img": "http://1.fwcdn.pl/po/48/64/694864/7670123.3.jpg", 
    "label": "[COLOR green] pl [/COLOR]", 
    "msg": "", 
    "new": "", 
    "plot": "Losy czterech kobiet splataj\u0105 si\u0119 w nocnym klubie, Warsaw by Night. Podczas podr\u00f3\u017cy ka\u017cdej z nich towarzyszy ten sam taks\u00f3wkarz - amator zjawisk paranormalnych.", 
    "rating": 4.791052, 
    "studio": "Polska", 
    "title": "Warsaw by Night (2014)", 
    "trailer": "http://mm.filmweb.pl/694864/wbn_zwiastun_nowa_muzyka_emisja_9_iv.720p.mp4", 
    "url": "https://www.cda.pl/video/15431542d", 
    "year": "2014"
  }, 
  {
    "_filmweb": "758060", 
    "code": "720p", 
    "dirtytitle": "Czulosc. 2016.pl", 
    "duration": "", 
    "genre": "Dramat", 
    "img": "http://1.fwcdn.pl/po/80/60/758060/7748303.3.jpg", 
    "label": "[COLOR green] pl [/COLOR]", 
    "msg": "", 
    "new": "Nowo\u015b\u0107", 
    "plot": "", 
    "rating": 4.071429, 
    "studio": "Polska", 
    "title": "Czu\u0142o\u015b\u0107 (2016)", 
    "trailer": "", 
    "url": "https://www.cda.pl/video/1499044f9", 
    "year": "2016"
  }, 
  {
    "_filmweb": "720241", 
    "code": "720p", 
    "dirtytitle": "Anatomia (2015) [Romano RR]", 
    "duration": 7020.0, 
    "genre": "Thriller", 
    "img": "http://1.fwcdn.pl/po/02/41/720241/7700135.3.jpg", 
    "label": "", 
    "msg": "", 
    "new": "Nowo\u015b\u0107", 
    "plot": "P\u0142atny zab\u00f3jca wychodzi warunkowo z wi\u0119zienia. Od prokuratora, przez kt\u00f3rego \"siedzia\u0142\", dostaje propozycj\u0119 nie do odrzucenia.", 
    "rating": 6.1183267, 
    "studio": "Polska", 
    "title": "Anatomia z\u0142a (2015)", 
    "trailer": "http://mm.filmweb.pl/720241/anatomia_zla___oficjalny_zwiastun_filmu__hd__1080p_.720p.mp4", 
    "url": "http://www.cda.pl/video/144882160", 
    "year": "2015"
  }, 
  {
    "_filmweb": "716313", 
    "code": "720p", 
    "dirtytitle": "Jeziorak 2014 720p Film Polski", 
    "duration": 5640.0, 
    "genre": "Dramat,Krymina\u0142", 
    "img": "http://1.fwcdn.pl/po/63/13/716313/7635409.3.jpg", 
    "label": "", 
    "msg": "", 
    "new": "Nowo\u015b\u0107", 
    "plot": "Policjantka z prowincjonalnej komendy prowadzi dochodzenie, kt\u00f3re na zawsze zmieni jej \u015bwiat.", 
    "rating": 6.62966, 
    "studio": "Polska", 
    "title": "Jeziorak (2014)", 
    "trailer": "http://mm.filmweb.pl/716313/jeziorak_zwiastun_zaproszenieh264pc.720p.mp4", 
    "url": "http://www.cda.pl/video/138911890", 
    "year": "2014"
  }, 
  {
    "_filmweb": "617280", 
    "code": "720p", 
    "dirtytitle": "Bitwa Pod Wiedniem (11 Settembre 1683, 2012, Lektor PL)", 
    "duration": 6840.0, 
    "genre": "Przygodowy,Dramat historyczny", 
    "img": "http://1.fwcdn.pl/po/72/80/617280/7488016.3.jpg", 
    "label": "[COLOR green] lektor pl [/COLOR]", 
    "msg": "", 
    "new": "Nowo\u015b\u0107", 
    "plot": "12 wrze\u015bnia 1683 roku dochodzi do decyduj\u0105cej bitwy mi\u0119dzy armi\u0105 Imperium Osma\u0144skiego pod wodz\u0105 Wielkiego Wezyra a obro\u0144cami Wiednia. Na pomoc Austriakom przybywa polskie wojsko z Janem III Sobieskim na czele.", 
    "rating": 2.7039897, 
    "studio": "Polska, W\u0142ochy", 
    "title": "Bitwa pod Wiedniem (2012)", 
    "trailer": "http://mm.filmweb.pl/617280/bitwa_pod_wiedniem___oficjalny_zwiastun_2.720p.mp4", 
    "url": "http://www.cda.pl/video/13943562d", 
    "year": "2012"
  }, 
  {
    "_filmweb": "1178", 
    "code": "720p", 
    "dirtytitle": "Kogel-mogel 1 (1988) HD", 
    "duration": 6300.0, 
    "genre": "Komedia obycz.", 
    "img": "http://1.fwcdn.pl/po/11/78/1178/7515748.3.jpg", 
    "label": "", 
    "msg": "", 
    "new": "Nowo\u015b\u0107", 
    "plot": "Dziewczyna ze wsi, Kasia Solska, dostaje si\u0119 na studia i ucieka z domu do Warszawy, gdzie znajduje prac\u0119 jako niania.", 
    "rating": 7.18191, 
    "studio": "Polska", 
    "title": "Kogel-mogel (1988)", 
    "trailer": "", 
    "url": "http://www.cda.pl/video/1360661ca", 
    "year": "1988"
  }, 
  {
    "_filmweb": "31881", 
    "code": "720p", 
    "dirtytitle": "Gulczas, a jak my\u015blisz? (2001) ca\u0142y film PL", 
    "duration": 6000.0, 
    "genre": "Komedia,Krymina\u0142", 
    "img": "http://1.fwcdn.pl/po/18/81/31881/6900459.3.jpg", 
    "label": "[COLOR green] pl [/COLOR]", 
    "msg": "", 
    "new": "Nowo\u015b\u0107", 
    "plot": "M\u0142odzi zakochani uciekaj\u0105 nad jezioro \u0141\u0119kotka, w okolicy kt\u00f3rego grasuje psychopatyczny morderca.", 
    "rating": 2.02024, 
    "studio": "Polska", 
    "title": "Gulczas, a jak my\u015blisz? (2001)", 
    "trailer": "http://mm.filmweb.pl/31881/gulczas__a_jak_myslisz___zwiastun.iphone.mp4", 
    "url": "http://www.cda.pl/video/1345439de", 
    "year": "2001"
  }, 
  {
    "_filmweb": "730791", 
    "code": "720p", 
    "dirtytitle": "Embers 2015 lektor pl", 
    "duration": 5100.0, 
    "genre": "Sci-Fi", 
    "img": "", 
    "label": "[COLOR green] lektor pl [/COLOR]", 
    "msg": "", 
    "new": "Nowo\u015b\u0107", 
    "plot": "", 
    "rating": 5.12354, 
    "studio": "Polska, USA", 
    "title": "Embers (2015)", 
    "trailer": "", 
    "url": "http://www.cda.pl/video/12962856a", 
    "year": "2015"
  }, 
  {
    "_filmweb": "316686", 
    "code": "720p", 
    "dirtytitle": "Job, czyli ostatnia szara kom\u00f3rka 2006 film polski", 
    "duration": 5400.0, 
    "genre": "Komedia", 
    "img": "http://1.fwcdn.pl/po/66/86/316686/7525130.3.jpg", 
    "label": "", 
    "msg": "", 
    "new": "Nowo\u015b\u0107", 
    "plot": "", 
    "rating": 5.99331, 
    "studio": "Polska", 
    "title": "Job, czyli ostatnia szara kom\u00f3rka (2006)", 
    "trailer": "", 
    "url": "http://www.cda.pl/video/129547172", 
    "year": "2006"
  }, 
  {
    "_filmweb": "660827", 
    "code": "1080p", 
    "dirtytitle": "Kapitan Bomba - Zemsta Faraona (2012)", 
    "duration": 4800.0, 
    "genre": "Animacja,Komedia,Sci-Fi", 
    "img": "http://1.fwcdn.pl/po/08/27/660827/7495759.3.jpg", 
    "label": "", 
    "msg": "", 
    "new": "Nowo\u015b\u0107", 
    "plot": "Kapitan Bomba musi ocali\u0107 ludzko\u015b\u0107 przed staro\u017cytnymi wojownikami.\u00a0", 
    "rating": 7.0755653, 
    "studio": "Polska", 
    "title": "Kapitan Bomba - Zemsta Faraona (2012)", 
    "trailer": "", 
    "url": "http://www.cda.pl/video/12912036e", 
    "year": "2012"
  }, 
  {
    "_filmweb": "635169", 
    "code": "720p", 
    "dirtytitle": "Uk\u0142ad / Closed Circuit (2013) Lektor PL HD", 
    "duration": 6900.0, 
    "genre": "Thriller", 
    "img": "http://1.fwcdn.pl/po/51/69/635169/7530670.3.jpg", 
    "label": "[COLOR green] lektor pl [/COLOR]", 
    "msg": "", 
    "new": "", 
    "plot": "Oparta na faktach historia opowiada o trzech przedsi\u0119biorcach, kt\u00f3rzy wskutek zmowy zostali oskar\u017ceni o dzia\u0142alno\u015b\u0107 w grupie przest\u0119pczej.", 
    "rating": 7.40505, 
    "studio": "Polska", 
    "title": "Uk\u0142ad zamkni\u0119ty (2013)", 
    "trailer": "http://mm.filmweb.pl/635169/uklad_zamkniety_tlr_net_20130307_3000kbps_720p.720p.mp4", 
    "url": "http://www.cda.pl/video/125759483", 
    "year": "2013"
  }, 
  {
    "_filmweb": "736267", 
    "code": "1080p", 
    "dirtytitle": "M/Mojin: The Lost Legend / The Ghouls 2015 napisy", 
    "duration": 7200.0, 
    "genre": "Komedia rom.", 
    "img": "http://1.fwcdn.pl/po/62/67/736267/7707973.3.jpg", 
    "label": "[COLOR green] napisy [/COLOR]", 
    "msg": "", 
    "new": "Nowo\u015b\u0107", 
    "plot": "Po czterech latach ci sami bohaterowie borykaj\u0105 si\u0119 z kolejnymi problemami.", 
    "rating": 6.5782504, 
    "studio": "Polska", 
    "title": "Listy do M. 2 (2015)", 
    "trailer": "http://mm.filmweb.pl/736267/listy_do_m__2___zwiastun_nr_3.720p.mp4", 
    "url": "http://www.cda.pl/video/125978339", 
    "year": "2015"
  }, 
  {
    "_filmweb": "12067", 
    "code": "720p", 
    "dirtytitle": "\u0141owca. Ostatnie starcie (1993) film Polski", 
    "duration": 5220.0, 
    "genre": "Fantasy,Dla m\u0142odzie\u017cy", 
    "img": "http://1.fwcdn.pl/po/20/67/12067/7026627.3.jpg", 
    "label": "", 
    "msg": "", 
    "new": "Nowo\u015b\u0107", 
    "plot": "Janik otrzymuje gr\u0119 komputerow\u0105, kt\u00f3rej akcja rozgrywa si\u0119 jednocze\u015bnie na ekranie komputera i w realnym \u015bwiecie.", 
    "rating": 4.4166064, 
    "studio": "Polska", 
    "title": "\u0141owca. Ostatnie starcie (1993)", 
    "trailer": "", 
    "url": "http://www.cda.pl/video/1249095fe", 
    "year": "1993"
  }, 
  {
    "_filmweb": "663413", 
    "code": "720p", 
    "dirtytitle": "Tajemniczy Sojusznik (2014) [LEKTOR PL] 720p [MAXPAYNER]", 
    "duration": 6180.0, 
    "genre": "Thriller,Romans", 
    "img": "http://1.fwcdn.pl/po/34/13/663413/7749770.3.jpg", 
    "label": "[COLOR green] lektor pl [/COLOR]", 
    "msg": "", 
    "new": "Nowo\u015b\u0107", 
    "plot": "Na motywach opowiadania Josepha Conrada. Kapitan statku handlowego, pod nieobecno\u015b\u0107 za\u0142ogi, ratuje m\u0142od\u0105 Chink\u0119 i ukrywa j\u0105 w swojej kajucie.", 
    "rating": 6.164557, 
    "studio": "Chiny, Polska, Wielka Brytania, Tajlandia", 
    "title": "Tajemniczy Sojusznik (2014)", 
    "trailer": "http://mm.filmweb.pl/663413/secret_sharer___tajemniczy_sojusznik.720p.mp4", 
    "url": "http://www.cda.pl/video/12499507f", 
    "year": "2014"
  }, 
  {
    "_filmweb": "31413", 
    "code": "1080p", 
    "dirtytitle": "Dzie\u0144 \u015bwira (2002) PL", 
    "duration": 5580.0, 
    "genre": "Dramat,Komedia,Psychologiczny", 
    "img": "http://1.fwcdn.pl/po/14/13/31413/6900422.3.jpg", 
    "label": "[COLOR green] pl [/COLOR]", 
    "msg": "", 
    "new": "Nowo\u015b\u0107", 
    "plot": "Ada\u015b Miauczy\u0144ski, 49-letni rozwiedziony polonista, \u017cyje w kr\u0119gu swoich natr\u0119ctw, nie potrafi\u0105c wyrwa\u0107 si\u0119 z nudy i rutyny dnia codziennego.", 
    "rating": 7.780368, 
    "studio": "Polska", 
    "title": "Dzie\u0144 \u015bwira (2002)", 
    "trailer": "", 
    "url": "http://www.cda.pl/video/12564621f", 
    "year": "2002"
  }, 
  {
    "_filmweb": "478478", 
    "code": "720p", 
    "dirtytitle": "Wyspa skaza\u0144c\u00f3w / Kongen av Bastoy (2010) Lektor", 
    "duration": 6960.0, 
    "genre": "Dramat", 
    "img": "http://1.fwcdn.pl/po/84/78/478478/7441509.3.jpg", 
    "label": "[COLOR green] lektor [/COLOR]", 
    "msg": "", 
    "new": "", 
    "plot": "Zbuntowany siedemnastolatek trafia do odizolowanego na wyspie poprawczaka. O\u015brodek jest rz\u0105dzony przez sadystycznych opiekun\u00f3w.", 
    "rating": 7.62778, 
    "studio": "Francja, Norwegia, Polska, Szwecja", 
    "title": "Wyspa skaza\u0144c\u00f3w (2010)", 
    "trailer": "http://mm.filmweb.pl/478478/kodi_trailer_subtitle_small_f9_480p__16x9_.iphone.mp4", 
    "url": "http://www.cda.pl/video/12085127b", 
    "year": "2010"
  }, 
  {
    "_filmweb": "4164", 
    "code": "720p", 
    "dirtytitle": "Bia\u0142e ma\u0142\u017ce\u0144stwo (1992) film polski", 
    "duration": 5640.0, 
    "genre": "Dramat,Psychologiczny", 
    "img": "http://1.fwcdn.pl/po/41/64/4164/6906573.3.jpg", 
    "label": "", 
    "msg": "", 
    "new": "", 
    "plot": "Dwie nastolatki podczas ogl\u0105dania programu telewizyjnego rozpoczynaj\u0105 podr\u00f3\u017c w przesz\u0142o\u015b\u0107.", 
    "rating": 5.87228, 
    "studio": "Polska", 
    "title": "Bia\u0142e ma\u0142\u017ce\u0144stwo (1992)", 
    "trailer": "", 
    "url": "http://www.cda.pl/video/12150615e", 
    "year": "1992"
  }, 
  {
    "_filmweb": "553", 
    "code": "1080p", 
    "dirtytitle": "Szcz\u0119\u015bliwego Nowego Jorku (1997) PL", 
    "duration": 5700.0, 
    "genre": "Dramat,Komedia", 
    "img": "http://1.fwcdn.pl/po/05/53/553/6925946.3.jpg", 
    "label": "[COLOR green] pl [/COLOR]", 
    "msg": "", 
    "new": "Nowo\u015b\u0107", 
    "plot": "Losy sz\u00f3stki polskich emigrant\u00f3w w Nowym Jorku, kt\u00f3rzy r\u00f3\u017cnymi sposobami staraj\u0105 si\u0119 prze\u017cy\u0107 i sprosta\u0107 trudnej ameryka\u0144skiej rzeczywisto\u015bci.", 
    "rating": 6.2547874, 
    "studio": "Polska", 
    "title": "Szcz\u0119\u015bliwego Nowego Jorku (1997)", 
    "trailer": "", 
    "url": "http://www.cda.pl/video/1194304ad", 
    "year": "1997"
  }, 
  {
    "_filmweb": "662059", 
    "code": "720p", 
    "dirtytitle": "Heavy Mental (2013) Lektor", 
    "duration": 5940.0, 
    "genre": "Dramat,Komedia", 
    "img": "http://1.fwcdn.pl/po/20/59/662059/7671408.3.jpg", 
    "label": "[COLOR green] lektor [/COLOR]", 
    "msg": "", 
    "new": "Nowo\u015b\u0107", 
    "plot": "Cierpi\u0105cy na blokad\u0119 tw\u00f3rcz\u0105 aktor dostaje propozycj\u0119 od opiekuna swojego zmar\u0142ego dziadka: w zamian za mieszkanie ma poderwa\u0107 dla niego pewn\u0105 dziewczyn\u0119.", 
    "rating": 5.59538, 
    "studio": "Polska", 
    "title": "Heavy Mental (2013)", 
    "trailer": "http://mm.filmweb.pl/662059/heavy_mental_zwiastun_1080p_24_h264_15mbit.720p.mp4", 
    "url": "http://www.cda.pl/video/116724791", 
    "year": "2013"
  }, 
  {
    "_filmweb": "581986", 
    "code": "720p", 
    "dirtytitle": "Kongres / The Congress (2013) Lektor", 
    "duration": 7320.0, 
    "genre": "Animacja,Dramat,Sci-Fi", 
    "img": "http://1.fwcdn.pl/po/19/86/581986/7595701.3.jpg", 
    "label": "[COLOR green] lektor [/COLOR]", 
    "msg": "", 
    "new": "Nowo\u015b\u0107", 
    "plot": "S\u0142ynna aktorka dostaje propozycj\u0119 \"zeskanowania\", dzi\u0119ki czemu wszystkie kolejne role b\u0119dzie gra\u0142a jej wiecznie m\u0142oda kopia.", 
    "rating": 6.4967713, 
    "studio": "Belgia, Francja, Luksemburg, Niemcy, Polska, Izrael", 
    "title": "Kongres (2013)", 
    "trailer": "http://mm.filmweb.pl/581986/kongres___zwiastun_filmu_a__folmana_z_r__wright___w_kinach_od_13_wrzesnia_2013_.720p.mp4", 
    "url": "http://www.cda.pl/video/117323438", 
    "year": "2013"
  }, 
  {
    "_filmweb": "662232", 
    "code": "720p", 
    "dirtytitle": "Gabriel (2013) Film Polski", 
    "duration": 5400.0, 
    "genre": "Przygodowy,Dla m\u0142odzie\u017cy", 
    "img": "http://1.fwcdn.pl/po/22/32/662232/7602032.3.jpg", 
    "label": "", 
    "msg": "", 
    "new": "Nowo\u015b\u0107", 
    "plot": "Tomek ucieka z domu dziadk\u00f3w, by pozna\u0107 swojego ojca. Podczas podr\u00f3\u017cy pomaga mu tajemniczy i ma\u0142om\u00f3wny Gabriel.", 
    "rating": 5.5700936, 
    "studio": "Polska", 
    "title": "Gabriel (2013)", 
    "trailer": "http://mm.filmweb.pl/662232/gabriel_zwiastunkino_720p_3000kbps_720p.720p.mp4", 
    "url": "http://www.cda.pl/video/116688183", 
    "year": "2013"
  }, 
  {
    "_filmweb": "751008", 
    "code": "1080p", 
    "dirtytitle": "Bracia (2015) [Dok] Lektor", 
    "duration": 4200.0, 
    "genre": "Dokumentalny", 
    "img": "http://1.fwcdn.pl/po/10/08/751008/7727495_1.3.jpg", 
    "label": "[COLOR green] lektor [/COLOR]", 
    "msg": "", 
    "new": "Nowo\u015b\u0107", 
    "plot": "Fascynuj\u0105ce losy g\u0142\u00f3wnych bohater\u00f3w pokazuj\u0105 prawdziw\u0105 si\u0142\u0119 braterstwa.", 
    "rating": 7.20433, 
    "studio": "Polska", 
    "title": "Bracia (2015)", 
    "trailer": "", 
    "url": "http://www.cda.pl/video/11550194c", 
    "year": "2015"
  }, 
  {
    "_filmweb": "642498", 
    "code": "1080p", 
    "dirtytitle": "Towarzysz genera\u0142 idzie na wojn\u0119 (2011) [Dok] Lektor", 
    "duration": 5400.0, 
    "genre": "Dokumentalny", 
    "img": "http://1.fwcdn.pl/po/24/98/642498/7528611.3.jpg", 
    "label": "[COLOR green] lektor [/COLOR]", 
    "msg": "", 
    "new": "Nowo\u015b\u0107", 
    "plot": "", 
    "rating": 7.44822, 
    "studio": "Polska", 
    "title": "Towarzysz genera\u0142 idzie na wojn\u0119 (2011)", 
    "trailer": "", 
    "url": "http://www.cda.pl/video/115503343", 
    "year": "2011"
  }, 
  {
    "_filmweb": "490239", 
    "code": "1080p", 
    "dirtytitle": "Gry wojenne (2008) [Dok] Lektor", 
    "duration": 6840.0, 
    "genre": "Dokumentalny", 
    "img": "http://1.fwcdn.pl/po/02/39/490239/7227298.3.jpg", 
    "label": "[COLOR green] lektor [/COLOR]", 
    "msg": "", 
    "new": "Nowo\u015b\u0107", 
    "plot": "", 
    "rating": 7.11896, 
    "studio": "Polska, S\u0142owacja", 
    "title": "Gry wojenne (2008)", 
    "trailer": "", 
    "url": "http://www.cda.pl/video/115172536", 
    "year": "2008"
  }, 
  {
    "_filmweb": "271956", 
    "code": "720p", 
    "dirtytitle": "Katy\u0144 (2007) 720p HD / film polski", 
    "duration": 7020.0, 
    "genre": "Wojenny,Dramat historyczny", 
    "img": "http://1.fwcdn.pl/po/19/56/271956/7261586.3.jpg", 
    "label": "", 
    "msg": "", 
    "new": "Nowo\u015b\u0107", 
    "plot": "17 wrze\u015bnia 1939 roku ZSRR napada na Polsk\u0119. Dow\u00f3dcy i oficerowie Wojska Polskiego zostaj\u0105 pojmani przez Armi\u0119 Czerwon\u0105.", 
    "rating": 6.84911, 
    "studio": "Polska", 
    "title": "Katy\u0144 (2007)", 
    "trailer": "http://mm.filmweb.pl/271956/katyn_tsr_640.iphone.mp4", 
    "url": "http://www.cda.pl/video/115181174", 
    "year": "2007"
  }, 
  {
    "_filmweb": "739790", 
    "code": "720p", 
    "dirtytitle": "Nowy \u015bwiat (2015) Film Polski", 
    "duration": 6000.0, 
    "genre": "Dramat,Nowele filmowe", 
    "img": "http://1.fwcdn.pl/po/97/90/739790/7742891.3.jpg", 
    "label": "", 
    "msg": "", 
    "new": "Nowo\u015b\u0107", 
    "plot": "", 
    "rating": 5.34202, 
    "studio": "Polska", 
    "title": "Nowy \u015bwiat (2015)", 
    "trailer": "", 
    "url": "http://www.cda.pl/video/11386668f", 
    "year": "2015"
  }, 
  {
    "_filmweb": "370572", 
    "code": "720p", 
    "dirtytitle": "Ogr\u00f3d Grzesznik\u00f3w (KnK) Film 02 Lektor", 
    "duration": 6120.0, 
    "genre": "Dramat,Romans", 
    "img": "http://1.fwcdn.pl/po/05/72/370572/7188538.3.jpg", 
    "label": "[COLOR green] lektor [/COLOR]", 
    "msg": "", 
    "new": "Nowo\u015b\u0107", 
    "plot": "Fantazjuj\u0105ca Luiza jest pacjentk\u0105 zak\u0142adu psychiatrycznego. Zakocha si\u0119 w niej przebywaj\u0105cy na obserwacji gangster.", 
    "rating": 7.478568, 
    "studio": "Polska", 
    "title": "Ogr\u00f3d Luizy (2007)", 
    "trailer": "", 
    "url": "http://www.cda.pl/video/11330941e", 
    "year": "2007"
  }, 
  {
    "_filmweb": "9713", 
    "code": "720p", 
    "dirtytitle": "Spotkanie w bajce", 
    "duration": 4320.0, 
    "genre": "Obyczajowy,Psychologiczny", 
    "img": "http://1.fwcdn.pl/po/97/13/9713/6962873.3.jpg", 
    "label": "", 
    "msg": "", 
    "new": "Nowo\u015b\u0107", 
    "plot": "Losy ma\u0142\u017ce\u0144stwa i kochanka kobiety krzy\u017cuj\u0105 si\u0119 po latach za spraw\u0105 uroczystego ods\u0142oni\u0119cia pomnika.", 
    "rating": 7.25157, 
    "studio": "Polska", 
    "title": "Spotkanie w Bajce (1962)", 
    "trailer": "", 
    "url": "http://www.cda.pl/video/110993187", 
    "year": "1962"
  }, 
  {
    "_filmweb": "666828", 
    "code": "720p", 
    "dirtytitle": "Wenus w futrze / La V\u00e9nus \u00e0 la fourrure (2013) Lektor PL HD", 
    "duration": 5760.0, 
    "genre": "Dramat,Komedia", 
    "img": "http://1.fwcdn.pl/po/68/28/666828/7574946.3.jpg", 
    "label": "[COLOR green] lektor pl [/COLOR]", 
    "msg": "", 
    "new": "Nowo\u015b\u0107", 
    "plot": "Tu\u017c przed ko\u0144cem przes\u0142ucha\u0144 do nowej sztuki w teatrze zjawia si\u0119 Vanda. Mimo pocz\u0105tkowej niech\u0119ci re\u017cyser pozwala jej si\u0119 zaprezentowa\u0107.", 
    "rating": 7.34197, 
    "studio": "Francja, Polska", 
    "title": "Wenus w futrze (2013)", 
    "trailer": "http://mm.filmweb.pl/666828/la_venus_a_la_fourrure___bande_annonce.720p.mp4", 
    "url": "http://www.cda.pl/video/11116982f", 
    "year": "2013"
  }, 
  {
    "_filmweb": "650399", 
    "code": "720p", 
    "dirtytitle": "Bez wstydu (2012), Ca\u0142y film PL", 
    "duration": 5040.0, 
    "genre": "Dramat obyczajowy", 
    "img": "http://1.fwcdn.pl/po/03/99/650399/7466930.3.jpg", 
    "label": "[COLOR green] pl [/COLOR]", 
    "msg": "", 
    "new": "Nowo\u015b\u0107", 
    "plot": "Historia zakazanej mi\u0142o\u015bci brata do siostry. Tadek, po powrocie do rodzinnego miasteczka odkrywa, \u017ce Anka zwi\u0105za\u0142a si\u0119 z \u017conatym m\u0119\u017cczyzn\u0105.", 
    "rating": 5.44941, 
    "studio": "Polska", 
    "title": "Bez wstydu (2012)", 
    "trailer": "http://mm.filmweb.pl/650399/bez_wstydu_trailer.480p.mp4", 
    "url": "http://www.cda.pl/video/54515693", 
    "year": "2012"
  }, 
  {
    "_filmweb": "1189", 
    "code": "720p", 
    "dirtytitle": "C. K. Dezerterzy (1985) Ca\u0142y film PL", 
    "duration": 9120.0, 
    "genre": "Komedia,Przygodowy,Wojenny", 
    "img": "http://1.fwcdn.pl/po/11/89/1189/6921117.3.jpg", 
    "label": "[COLOR green] pl [/COLOR]", 
    "msg": "", 
    "new": "Nowo\u015b\u0107", 
    "plot": "Jest rok 1918. Grupa \u017co\u0142nierzy pod przyw\u00f3dztwem szeregowca Kani dezerteruje z armii austro-w\u0119gierskiej.", 
    "rating": 7.513807, 
    "studio": "Polska, W\u0119gry", 
    "title": "C.K. Dezerterzy (1985)", 
    "trailer": "", 
    "url": "http://www.cda.pl/video/48273895", 
    "year": "1985"
  }, 
  {
    "_filmweb": "389424", 
    "code": "[COLOR purple](P)[/COLOR]720p", 
    "dirtytitle": "Sarnie \u017cniwo, czyli pokusa statuetkowego szlaku (2006) Ca\u0142y film PL", 
    "duration": 3600.0, 
    "genre": "Komedia,Sensacyjny", 
    "img": "http://1.fwcdn.pl/po/94/24/389424/7149090.3.jpg", 
    "label": "[COLOR green] pl [/COLOR]", 
    "msg": "", 
    "new": "Nowo\u015b\u0107", 
    "plot": "", 
    "rating": 7.223414, 
    "studio": "Polska", 
    "title": "Sarnie \u017cniwo, czyli pokusa statuetkowego szlaku (2006)", 
    "trailer": "", 
    "url": "http://www.cda.pl/video/10899870e", 
    "year": "2006"
  }, 
  {
    "_filmweb": "31505", 
    "code": "[COLOR purple](P)[/COLOR]720p", 
    "dirtytitle": "Serce g\u00f3r (2004) Ca\u0142y film PL", 
    "duration": 4380.0, 
    "genre": "Przygodowy", 
    "img": "http://1.fwcdn.pl/po/15/05/31505/7715466.3.jpg", 
    "label": "[COLOR green] pl [/COLOR]", 
    "msg": "", 
    "new": "Nowo\u015b\u0107", 
    "plot": "", 
    "rating": 2.65681, 
    "studio": "Polska", 
    "title": "Serce g\u00f3r (2004)", 
    "trailer": "", 
    "url": "http://www.cda.pl/video/10898200f", 
    "year": "2004"
  }, 
  {
    "_filmweb": "150951", 
    "code": "[COLOR purple](P)[/COLOR]720p", 
    "dirtytitle": "Szale\u0144cy (2007) Ca\u0142y film PL", 
    "duration": 4980.0, 
    "genre": "Komedia obycz.", 
    "img": "http://1.fwcdn.pl/po/09/51/150951/7155548.3.jpg", 
    "label": "[COLOR green] pl [/COLOR]", 
    "msg": "", 
    "new": "Nowo\u015b\u0107", 
    "plot": "", 
    "rating": 5.142857, 
    "studio": "Polska", 
    "title": "Szale\u0144cy (2007)", 
    "trailer": "", 
    "url": "http://www.cda.pl/video/108994593", 
    "year": "2007"
  }, 
  {
    "_filmweb": "634466", 
    "code": "720p", 
    "dirtytitle": "R\u00f3wny ( Identyczny )  ", 
    "duration": 1620.0, 
    "genre": "Biograficzny,Dokumentalny,Kr\u00f3tkometra\u017cowy", 
    "img": "", 
    "label": "", 
    "msg": "", 
    "new": "Nowo\u015b\u0107", 
    "plot": "", 
    "rating": 5.25, 
    "studio": "Polska", 
    "title": "By\u0107 r\u00f3wny innym. Wincenty Witos (1995)", 
    "trailer": "", 
    "url": "http://www.cda.pl/video/1064475a5", 
    "year": "1995"
  }, 
  {
    "_filmweb": "699416", 
    "code": "720p", 
    "dirtytitle": "Bunny (2014) Film Polski  ", 
    "duration": 5700.0, 
    "genre": "Dramat,Komedia,Romans", 
    "img": "", 
    "label": "", 
    "msg": "", 
    "new": "Nowo\u015b\u0107", 
    "plot": "", 
    "rating": 5.26154, 
    "studio": "Australia, Polska", 
    "title": "Bunny (2014)", 
    "trailer": "", 
    "url": "http://www.cda.pl/video/1063776c0", 
    "year": "2014"
  }, 
  {
    "_filmweb": "516173", 
    "code": "720p", 
    "dirtytitle": "Specjalista [Lektor PL] '94  ", 
    "duration": 1500.0, 
    "genre": "Dokumentalny", 
    "img": "", 
    "label": "[COLOR green] lektor pl [/COLOR]", 
    "msg": "", 
    "new": "Nowo\u015b\u0107", 
    "plot": "", 
    "rating": 8.5, 
    "studio": "Polska", 
    "title": "Specjalista (2003)", 
    "trailer": "", 
    "url": "http://www.cda.pl/video/1059859fe", 
    "year": "2003"
  }, 
  {
    "_filmweb": "716498", 
    "code": "720p", 
    "dirtytitle": "Disco Polo PL (2015) ", 
    "duration": 6420.0, 
    "genre": "Komedia,Muzyczny", 
    "img": "http://1.fwcdn.pl/po/64/98/716498/7666908.3.jpg", 
    "label": "[COLOR green] pl [/COLOR]", 
    "msg": "", 
    "new": "Nowo\u015b\u0107", 
    "plot": "M\u0142odzi muzycy z prowincji w b\u0142yskawiczny spos\u00f3b zdobywaj\u0105 szczyty list przeboj\u00f3w.", 
    "rating": 5.14848, 
    "studio": "Polska", 
    "title": "Disco Polo (2015)", 
    "trailer": "http://mm.filmweb.pl/716498/disco_polo_trailer_1_internet_hd.720p.mp4", 
    "url": "http://www.cda.pl/video/1011661bc", 
    "year": "2015"
  }, 
  {
    "_filmweb": "3761", 
    "code": "720p", 
    "dirtytitle": "ALICJA (1980) LEKTOR ", 
    "duration": 5460.0, 
    "genre": "Fantasy,Romans,Muzyczny", 
    "img": "http://1.fwcdn.pl/po/37/61/3761/7346768.3.jpg", 
    "label": "[COLOR green] lektor [/COLOR]", 
    "msg": "", 
    "new": "Nowo\u015b\u0107", 
    "plot": "", 
    "rating": 6.70996, 
    "studio": "Belgia, Polska, USA, Wielka Brytania", 
    "title": "Alicja (1980)", 
    "trailer": "", 
    "url": "http://www.cda.pl/video/96408612", 
    "year": "1980"
  }, 
  {
    "_filmweb": "7781", 
    "code": "720p", 
    "dirtytitle": "Mleczna droga (1990) film polski ", 
    "duration": 5280.0, 
    "genre": "Psychologiczny", 
    "img": "http://1.fwcdn.pl/po/77/81/7781/7159732.3.jpg", 
    "label": "", 
    "msg": "", 
    "new": "Nowo\u015b\u0107", 
    "plot": "", 
    "rating": 7.27233, 
    "studio": "Polska", 
    "title": "Mleczna droga (1990)", 
    "trailer": "", 
    "url": "http://www.cda.pl/video/94103490", 
    "year": "1990"
  }, 
  {
    "_filmweb": "7983", 
    "code": "1080p", 
    "dirtytitle": "Na wylot (1972) awangardowy dramat obyczajowy ", 
    "duration": 4200.0, 
    "genre": "Dramat obyczajowy,Psychologiczny", 
    "img": "http://1.fwcdn.pl/po/79/83/7983/7524515.3.jpg", 
    "label": "", 
    "msg": "", 
    "new": "", 
    "plot": "", 
    "rating": 6.91667, 
    "studio": "Polska", 
    "title": "Na wylot (1972)", 
    "trailer": "", 
    "url": "http://www.cda.pl/video/919523f9", 
    "year": "1972"
  }, 
  {
    "_filmweb": "7359", 
    "code": "720p", 
    "dirtytitle": "Listopad 1992 (Novembre). Napisy PL ", 
    "duration": 5460.0, 
    "genre": "Horror,Psychologiczny", 
    "img": "http://1.fwcdn.pl/po/73/59/7359/7561179.3.jpg", 
    "label": "[COLOR green] napisy pl [/COLOR]", 
    "msg": "", 
    "new": "Nowo\u015b\u0107", 
    "plot": "", 
    "rating": 6.53846, 
    "studio": "Francja, Polska", 
    "title": "Listopad (1992)", 
    "trailer": "", 
    "url": "http://www.cda.pl/video/8809885e", 
    "year": "1992"
  }, 
  {
    "_filmweb": "619", 
    "code": "720p", 
    "dirtytitle": "Wrzeciono czasu (1995) - film polski ", 
    "duration": 6000.0, 
    "genre": "Dramat", 
    "img": "http://1.fwcdn.pl/po/06/19/619/7359153.3.jpg", 
    "label": "", 
    "msg": "", 
    "new": "Nowo\u015b\u0107", 
    "plot": "", 
    "rating": 7.2655, 
    "studio": "Polska", 
    "title": "Wrzeciono czasu (1995)", 
    "trailer": "", 
    "url": "http://www.cda.pl/video/8754500c", 
    "year": "1995"
  }, 
  {
    "_filmweb": "602", 
    "code": "720p", 
    "dirtytitle": "S\u0142oneczny zegar (1997) film polski ", 
    "duration": 6480.0, 
    "genre": "Dramat,Komedia", 
    "img": "", 
    "label": "", 
    "msg": "", 
    "new": "Nowo\u015b\u0107", 
    "plot": "", 
    "rating": 7.29963, 
    "studio": "Polska", 
    "title": "S\u0142oneczny zegar (1997)", 
    "trailer": "", 
    "url": "http://www.cda.pl/video/8782132d", 
    "year": "1997"
  }, 
  {
    "_filmweb": "11655", 
    "code": "720p", 
    "dirtytitle": "Widziad\u0142o (1984) film polski ", 
    "duration": 5700.0, 
    "genre": "Horror,Psychologiczny", 
    "img": "http://1.fwcdn.pl/po/16/55/11655/7211015.3.jpg", 
    "label": "", 
    "msg": "", 
    "new": "Nowo\u015b\u0107", 
    "plot": "", 
    "rating": 5.585875, 
    "studio": "Polska", 
    "title": "Widziad\u0142o (1984)", 
    "trailer": "", 
    "url": "http://www.cda.pl/video/7629707c", 
    "year": "1984"
  }, 
  {
    "_filmweb": "638", 
    "code": "1080p", 
    "dirtytitle": "Billboard (1998) Film Polski ", 
    "duration": 5700.0, 
    "genre": "Thriller", 
    "img": "http://1.fwcdn.pl/po/06/38/638/6942703.3.jpg", 
    "label": "", 
    "msg": "", 
    "new": "Nowo\u015b\u0107", 
    "plot": "Pracownik agencji reklamowej szuka zaginionej rosyjskiej modelki. Wkr\u00f3tce zostaje \u015bwiadkiem morderstwa.", 
    "rating": 6.12817, 
    "studio": "Polska", 
    "title": "Billboard (1998)", 
    "trailer": "", 
    "url": "http://www.cda.pl/video/727290a2", 
    "year": "1998"
  }, 
  {
    "_filmweb": "1175", 
    "code": "1080p", 
    "dirtytitle": "Znachor (1981) Film Polski ", 
    "duration": 7680.0, 
    "genre": "Obyczajowy", 
    "img": "http://1.fwcdn.pl/po/11/75/1175/7020117.3.jpg", 
    "label": "", 
    "msg": "", 
    "new": "Nowo\u015b\u0107", 
    "plot": "Historia znanego chirurga Wilczura, kt\u00f3rego opuszcza ukochana \u017cona. Zrozpaczony lekarz zaczyna pi\u0107 i wdaje si\u0119 w burd\u0119, co skutkuje utrat\u0105 pami\u0119ci.", 
    "rating": 7.561144, 
    "studio": "Polska", 
    "title": "Znachor (1981)", 
    "trailer": "", 
    "url": "http://www.cda.pl/video/72728173", 
    "year": "1981"
  }, 
  {
    "_filmweb": "102208", 
    "code": "1080p", 
    "dirtytitle": "Bia\u0142a sukienka (2003) Film Polski ", 
    "duration": 3900.0, 
    "genre": "Obyczajowy", 
    "img": "http://1.fwcdn.pl/po/22/08/102208/7484992.3.jpg", 
    "label": "", 
    "msg": "", 
    "new": "Nowo\u015b\u0107", 
    "plot": "Maciej zabiera tajemniczego autostopowicza. Pogoda si\u0119 pogarsza, a na drog\u0119 wychodzi procesja z okazji Bo\u017cego Cia\u0142a.", 
    "rating": 7.1507106, 
    "studio": "Polska", 
    "title": "Bia\u0142a sukienka (2003)", 
    "trailer": "", 
    "url": "http://www.cda.pl/video/72728419", 
    "year": "2003"
  }, 
  {
    "_filmweb": "334500", 
    "code": "720p", 
    "dirtytitle": "Tajemnice Wiklinowej Zatoki (1985) Ca\u0142a bajka PL ", 
    "duration": 4320.0, 
    "genre": "Animacja,Dla dzieci", 
    "img": "http://1.fwcdn.pl/po/45/00/334500/7162639.3.jpg", 
    "label": "[COLOR green] pl [/COLOR]", 
    "msg": "", 
    "new": "Nowo\u015b\u0107", 
    "plot": "", 
    "rating": 6.73139, 
    "studio": "Polska", 
    "title": "Tajemnice Wiklinowej Zatoki (1985)", 
    "trailer": "", 
    "url": "http://www.cda.pl/video/72260406", 
    "year": "1985"
  }, 
  {
    "_filmweb": "562613", 
    "code": "720p", 
    "dirtytitle": "Muminki (Film) - 2 Na Rowerze ", 
    "duration": 4500.0, 
    "genre": "Animacja,Familijny,Fantasy,Przygodowy", 
    "img": "http://1.fwcdn.pl/po/26/13/562613/7464155.3.jpg", 
    "label": "", 
    "msg": "", 
    "new": "Nowo\u015b\u0107", 
    "plot": "Mieszka\u0144cy Doliny Mumink\u00f3w musz\u0105 zmierzy\u0107 si\u0119 z wizj\u0105 zag\u0142ady \u015bwiata.", 
    "rating": 5.96939, 
    "studio": "Finlandia, Polska, Wielka Brytania", 
    "title": "Muminki w pogoni za komet\u0105 (2010)", 
    "trailer": "http://mm.filmweb.pl/562613/muminki_kometa_zwiastunpl.720p.mp4", 
    "url": "http://www.cda.pl/video/7079296c", 
    "year": "2010"
  }, 
  {
    "_filmweb": "33168", 
    "code": "1080p", 
    "dirtytitle": "Czy Lucyna to dziewczyna (1934) ", 
    "duration": 4500.0, 
    "genre": "Komedia obycz.", 
    "img": "http://1.fwcdn.pl/po/31/68/33168/7691421.3.jpg", 
    "label": "", 
    "msg": "", 
    "new": "Nowo\u015b\u0107", 
    "plot": "M\u0142oda i wykszta\u0142cona Lucyna przebiera si\u0119 za ch\u0142opca, by dosta\u0107 prac\u0119 w firmie ojca. Wkr\u00f3tce trafia pod skrzyd\u0142a in\u017cyniera \u017barnowskiego.", 
    "rating": 7.51287, 
    "studio": "Polska", 
    "title": "Czy Lucyna to dziewczyna? (1934)", 
    "trailer": "", 
    "url": "http://www.cda.pl/video/6934125a", 
    "year": "1934"
  }, 
  {
    "_filmweb": "977", 
    "code": "1080p", 
    "dirtytitle": "Du\u017ce zwierz\u0119 (2000) PL ", 
    "duration": 4380.0, 
    "genre": "Dramat", 
    "img": "http://1.fwcdn.pl/po/09/77/977/7422366.3.jpg", 
    "label": "[COLOR green] pl [/COLOR]", 
    "msg": "", 
    "new": "Nowo\u015b\u0107", 
    "plot": "Sawiccy postanawiaj\u0105 zaopiekowa\u0107 si\u0119 znalezionym wielb\u0142\u0105dem. Lokalna spo\u0142eczno\u015b\u0107 zrobi wszystko, by uniemo\u017cliwi\u0107 im to przedsi\u0119wzi\u0119cie.", 
    "rating": 7.4104047, 
    "studio": "Polska", 
    "title": "Du\u017ce zwierz\u0119 (2000)", 
    "trailer": "", 
    "url": "http://www.cda.pl/video/6913665a", 
    "year": "2000"
  }, 
  {
    "_filmweb": "6529", 
    "code": "1080p", 
    "dirtytitle": "Jak narkotyk (1999) PL ", 
    "duration": 8100.0, 
    "genre": "Dramat obyczajowy", 
    "img": "http://1.fwcdn.pl/po/65/29/6529/7431749.3.jpg", 
    "label": "[COLOR green] pl [/COLOR]", 
    "msg": "", 
    "new": "Nowo\u015b\u0107", 
    "plot": "", 
    "rating": 6.32504, 
    "studio": "Polska", 
    "title": "Jak narkotyk (1999)", 
    "trailer": "", 
    "url": "http://www.cda.pl/video/69136031", 
    "year": "1999"
  }, 
  {
    "_filmweb": "370628", 
    "code": "1080p", 
    "dirtytitle": "Ma\u0142a Moskwa (2008) PL ", 
    "duration": 7200.0, 
    "genre": "Melodramat", 
    "img": "http://1.fwcdn.pl/po/06/28/370628/7220997.3.jpg", 
    "label": "[COLOR green] pl [/COLOR]", 
    "msg": "", 
    "new": "Nowo\u015b\u0107", 
    "plot": "Romans polskiego oficera i \u017cony radzieckiego pilota rozgrywaj\u0105cy si\u0119 w Legnicy.", 
    "rating": 7.10636, 
    "studio": "Polska", 
    "title": "Ma\u0142a Moskwa (2008)", 
    "trailer": "http://mm.filmweb.pl/370628/mala_moskwa_trailer_lg.iphone.mp4", 
    "url": "http://www.cda.pl/video/6934065f", 
    "year": "2008"
  }, 
  {
    "_filmweb": "33181", 
    "code": "1080p", 
    "dirtytitle": "Pi\u0119tro wy\u017cej (1937) ", 
    "duration": 5040.0, 
    "genre": "Komedia,Romans,Muzyczny", 
    "img": "http://1.fwcdn.pl/po/31/81/33181/7527810.3.jpg", 
    "label": "", 
    "msg": "", 
    "new": "Nowo\u015b\u0107", 
    "plot": "\u017byj\u0105cy w niezgodzie od lat dwaj s\u0105siedzi dokuczaj\u0105c sobie na ka\u017cdym kroku. Sytuacja zmienia si\u0119, gdy do jednego z nich przyje\u017cd\u017ca bratanica.", 
    "rating": 8.11105, 
    "studio": "Polska", 
    "title": "Pi\u0119tro wy\u017cej (1937)", 
    "trailer": "", 
    "url": "http://www.cda.pl/video/693421a4", 
    "year": "1937"
  }, 
  {
    "_filmweb": "33180", 
    "code": "1080p", 
    "dirtytitle": "Pawe\u0142 i Gawe\u0142 (1938) ", 
    "duration": 4920.0, 
    "genre": "Komedia", 
    "img": "http://1.fwcdn.pl/po/31/80/33180/7454017.3.jpg", 
    "label": "", 
    "msg": "", 
    "new": "Nowo\u015b\u0107", 
    "plot": "Historia dw\u00f3ch s\u0105siad\u00f3w o podobnych nazwiskach i r\u00f3wnie nerwowych charakterach. W ich \u017cyciu pojawia si\u0119 niesforna \"trzynastoletnia\" skrzypaczka, kt\u00f3ra dzi\u0119ki ma\u0142emu podst\u0119powi jest cudownym dzieckiem-muzykiem.", 
    "rating": 7.525295, 
    "studio": "Polska", 
    "title": "Pawe\u0142 i Gawe\u0142 (1938)", 
    "trailer": "", 
    "url": "http://www.cda.pl/video/69341820", 
    "year": "1938"
  }, 
  {
    "_filmweb": "727003", 
    "code": "1080p", 
    "dirtytitle": "2) James Bond - Pozdrowienia z Rosji (1963)PL ", 
    "duration": 2520.0, 
    "genre": "Biograficzny,Dokumentalny,Religijny", 
    "img": "", 
    "label": "[COLOR green] pl [/COLOR]", 
    "msg": "", 
    "new": "Nowo\u015b\u0107", 
    "plot": "", 
    "rating": 7.5, 
    "studio": "Polska", 
    "title": "Jan XXIII 1881-1963. Dobry cz\u0142owiek z Watykanu (2014)", 
    "trailer": "", 
    "url": "http://www.cda.pl/video/64231537", 
    "year": "2014"
  }, 
  {
    "_filmweb": "665393", 
    "code": "1080p", 
    "dirtytitle": "1) James Bond - Dr. No (1962) PL ", 
    "duration": 1800.0, 
    "genre": "Dokumentalny", 
    "img": "http://1.fwcdn.pl/po/53/93/665393/7497401.3.jpg", 
    "label": "[COLOR green] pl [/COLOR]", 
    "msg": "", 
    "new": "Nowo\u015b\u0107", 
    "plot": "", 
    "rating": 7.25, 
    "studio": "Polska", 
    "title": "Cz\u0119stochowa 1962 (2012)", 
    "trailer": "", 
    "url": "http://www.cda.pl/video/6423124d", 
    "year": "2012"
  }, 
  {
    "_filmweb": "427761", 
    "code": "1080p", 
    "dirtytitle": "17) James Bond - GoldenEye (1995)PL ", 
    "duration": 1380.0, 
    "genre": "Dokumentalny,Kr\u00f3tkometra\u017cowy", 
    "img": "", 
    "label": "[COLOR green] pl [/COLOR]", 
    "msg": "", 
    "new": "Nowo\u015b\u0107", 
    "plot": "", 
    "rating": "", 
    "studio": "Polska", 
    "title": "Album szczeci\u0144ski - 17 XII 1970 (1995)", 
    "trailer": "", 
    "url": "http://www.cda.pl/video/642432d3", 
    "year": "1995"
  }, 
  {
    "_filmweb": "9828", 
    "code": "720p", 
    "dirtytitle": "Strefa ciszy (2000) Ca\u0142y film PL ", 
    "duration": 5400.0, 
    "genre": "Thriller", 
    "img": "http://1.fwcdn.pl/po/98/28/9828/7308354.3.jpg", 
    "label": "[COLOR green] pl [/COLOR]", 
    "msg": "", 
    "new": "Nowo\u015b\u0107", 
    "plot": "", 
    "rating": 6.41393, 
    "studio": "Polska", 
    "title": "Strefa ciszy (2000)", 
    "trailer": "", 
    "url": "http://www.cda.pl/video/6392275d", 
    "year": "2000"
  }, 
  {
    "_filmweb": "602099", 
    "code": "720p", 
    "dirtytitle": "Wywiad (2007) Lektor PL ", 
    "duration": 2400.0, 
    "genre": "Dramat obyczajowy,Religijny", 
    "img": "http://1.fwcdn.pl/po/20/99/602099/7421516.3.jpg", 
    "label": "[COLOR green] lektor pl [/COLOR]", 
    "msg": "", 
    "new": "Nowo\u015b\u0107", 
    "plot": "", 
    "rating": 6.53846, 
    "studio": "Polska", 
    "title": "Wywiad (2007)", 
    "trailer": "", 
    "url": "http://www.cda.pl/video/636534ae", 
    "year": "2007"
  }, 
  {
    "_filmweb": "1503", 
    "code": "720p", 
    "dirtytitle": "Reich (2001) Ca\u0142y film PL ", 
    "duration": 5400.0, 
    "genre": "Sensacyjny", 
    "img": "http://1.fwcdn.pl/po/15/03/1503/7199073.3.jpg", 
    "label": "[COLOR green] pl [/COLOR]", 
    "msg": "", 
    "new": "Nowo\u015b\u0107", 
    "plot": "Dwaj p\u0142atni zab\u00f3jcy przyje\u017cd\u017caj\u0105 na wybrze\u017ce wykona\u0107 zlecenie. Jeden z nich jest zakonspirowanym policjantem.", 
    "rating": 6.290907, 
    "studio": "Polska", 
    "title": "Reich (2001)", 
    "trailer": "", 
    "url": "http://www.cda.pl/video/639229d8", 
    "year": "2001"
  }, 
  {
    "_filmweb": "382390", 
    "code": "720p", 
    "dirtytitle": "Cz\u0142owiek s\u0142o\u0144 [Lektor PL] ", 
    "duration": 960.0, 
    "genre": "", 
    "img": "", 
    "label": "[COLOR green] lektor pl [/COLOR]", 
    "msg": "", 
    "new": "Nowo\u015b\u0107", 
    "plot": "", 
    "rating": 0, 
    "studio": "Polska", 
    "title": "Cz\u0142owiek - s\u0142o\u0144 (1985)", 
    "trailer": "", 
    "url": "http://www.cda.pl/video/63358224", 
    "year": "1985"
  }, 
  {
    "_filmweb": "8268", 
    "code": "720p", 
    "dirtytitle": "Oczy niebieskie (1994) Ca\u0142y film PL ", 
    "duration": 5460.0, 
    "genre": "Dramat,Komedia,Romans", 
    "img": "http://1.fwcdn.pl/po/82/68/8268/7265655.3.jpg", 
    "label": "[COLOR green] pl [/COLOR]", 
    "msg": "", 
    "new": "Nowo\u015b\u0107", 
    "plot": "Po wypadku m\u0142ody skrzypek traci przytomno\u015b\u0107 i w pod\u015bwiadomo\u015bci poszukuje ukochanej.", 
    "rating": 4.255814, 
    "studio": "Polska", 
    "title": "Oczy niebieskie (1994)", 
    "trailer": "", 
    "url": "http://www.cda.pl/video/63286308", 
    "year": "1994"
  }, 
  {
    "_filmweb": "707", 
    "code": "720p", 
    "dirtytitle": "Szabla od komendanta (1995) Ca\u0142y film PL ", 
    "duration": 6120.0, 
    "genre": "Dramat,Komedia", 
    "img": "http://1.fwcdn.pl/po/07/07/707/7263792.3.jpg", 
    "label": "[COLOR green] pl [/COLOR]", 
    "msg": "", 
    "new": "Nowo\u015b\u0107", 
    "plot": "Jakubek umiera, lecz nie zostaje wpuszczony do nieba ze wzgl\u0119du na swoj\u0105 szabl\u0119. Tradycja nakazuje przekaza\u0107 j\u0105 wnukowi, a \u017ce zmar\u0142y go nie ma rozpoczyna wi\u0119c poszukiwania \u017cony dla syna.", 
    "rating": 7.27248, 
    "studio": "Polska", 
    "title": "Szabla od komendanta (1995)", 
    "trailer": "", 
    "url": "http://www.cda.pl/video/6329251a", 
    "year": "1995"
  }, 
  {
    "_filmweb": "6890", 
    "code": "720p", 
    "dirtytitle": "Krugerandy (1999) Ca\u0142y film PL ", 
    "duration": 6000.0, 
    "genre": "Dramat,Obyczajowy,Sensacyjny", 
    "img": "http://1.fwcdn.pl/po/68/90/6890/7448717.3.jpg", 
    "label": "[COLOR green] pl [/COLOR]", 
    "msg": "", 
    "new": "Nowo\u015b\u0107", 
    "plot": "Arek jest uczniem ostatniej klasy technikum, kt\u00f3ry chce uwolni\u0107 si\u0119 od biedy rodzic\u00f3w. Lokalny mafioso proponuje mu udzia\u0142 we w\u0142amaniu.", 
    "rating": 5.47405, 
    "studio": "Polska", 
    "title": "Krugerandy (1999)", 
    "trailer": "", 
    "url": "http://www.cda.pl/video/63288095", 
    "year": "1999"
  }, 
  {
    "_filmweb": "5810", 
    "code": "720p", 
    "dirtytitle": "Niemcy (1996) Ca\u0142y film PL ", 
    "duration": 6360.0, 
    "genre": "Dramat,Obyczajowy,Wojenny", 
    "img": "http://1.fwcdn.pl/po/58/10/5810/7189125.3.jpg", 
    "label": "[COLOR green] pl [/COLOR]", 
    "msg": "", 
    "new": "Nowo\u015b\u0107", 
    "plot": "", 
    "rating": 6.4123507, 
    "studio": "Polska, USA", 
    "title": "Niemcy (1996)", 
    "trailer": "", 
    "url": "http://www.cda.pl/video/6328993d", 
    "year": "1996"
  }, 
  {
    "_filmweb": "57", 
    "code": "720p", 
    "dirtytitle": "Gniew (1997) Ca\u0142y film PL ", 
    "duration": 4740.0, 
    "genre": "Dramat,Sensacyjny", 
    "img": "http://1.fwcdn.pl/po/00/57/57/6924915.3.jpg", 
    "label": "[COLOR green] pl [/COLOR]", 
    "msg": "", 
    "new": "Nowo\u015b\u0107", 
    "plot": "", 
    "rating": 5.95745, 
    "studio": "Polska", 
    "title": "Gniew (1997)", 
    "trailer": "", 
    "url": "http://www.cda.pl/video/63289011", 
    "year": "1997"
  }, 
  {
    "_filmweb": "99027", 
    "code": "720p", 
    "dirtytitle": "Skazany na bluesa (2005) Ca\u0142y film PL ", 
    "duration": 5820.0, 
    "genre": "Dramat,Muzyczny", 
    "img": "http://1.fwcdn.pl/po/90/27/99027/7107062.3.jpg", 
    "label": "[COLOR green] pl [/COLOR]", 
    "msg": "", 
    "new": "Nowo\u015b\u0107", 
    "plot": "Burzliwe \u017cycie\u00a0oraz walka z na\u0142ogiem Ry\u015bka Riedla, lidera i wokalisty kultowej grupy\u00a0D\u017cem, kt\u00f3ra sta\u0142a si\u0119 jednym z najwi\u0119kszych polskich\u00a0zespo\u0142\u00f3w rockowych.", 
    "rating": 7.5222044, 
    "studio": "Polska", 
    "title": "Skazany na bluesa (2005)", 
    "trailer": "", 
    "url": "http://www.cda.pl/video/60461396", 
    "year": "2005"
  }, 
  {
    "_filmweb": "483760", 
    "code": "720p", 
    "dirtytitle": "Tajemnica Westerplatte (2013) Ca\u0142y film PL ", 
    "duration": 7080.0, 
    "genre": "Dramat,Wojenny", 
    "img": "http://1.fwcdn.pl/po/37/60/483760/7518789.3.jpg", 
    "label": "[COLOR green] pl pl [/COLOR]", 
    "msg": "", 
    "new": "Nowo\u015b\u0107", 
    "plot": "Film opowiada o obronie polskiej plac\u00f3wki Westerplatte przed niemieck\u0105 armi\u0105. Akcja obejmuje siedem dni wrze\u015bnia 1939 roku.", 
    "rating": 5.27361, 
    "studio": "Polska, Litwa", 
    "title": "Tajemnica Westerplatte (2013)", 
    "trailer": "http://mm.filmweb.pl/483760/tajemnica_westerplatte_oficjalny_trailer.720p.mp4", 
    "url": "http://www.cda.pl/video/60462338", 
    "year": "2013"
  }, 
  {
    "_filmweb": "143385", 
    "code": "720p", 
    "dirtytitle": "Trzeci (2004) Ca\u0142y film PL ", 
    "duration": 5700.0, 
    "genre": "Dramat obyczajowy,Psychologiczny", 
    "img": "http://1.fwcdn.pl/po/33/85/143385/6961844.3.jpg", 
    "label": "[COLOR green] pl [/COLOR]", 
    "msg": "", 
    "new": "Nowo\u015b\u0107", 
    "plot": "Ko\u0144cz\u0105ca urlop para spotyka nieznajomego i ekscentrycznego m\u0119\u017cczyzn\u0119, z kt\u00f3rym kontynuuje podr\u00f3\u017c.", 
    "rating": 6.7807, 
    "studio": "Polska", 
    "title": "Trzeci (2004)", 
    "trailer": "", 
    "url": "http://www.cda.pl/video/6059123c", 
    "year": "2004"
  }, 
  {
    "_filmweb": "753119", 
    "code": "720p", 
    "dirtytitle": "HISTORIA O ", 
    "duration": "", 
    "genre": "Krymina\u0142", 
    "img": "", 
    "label": "", 
    "msg": "", 
    "new": "", 
    "plot": "", 
    "rating": 0, 
    "studio": "Polska", 
    "title": "Prosta historia o morderstwie (2016)", 
    "trailer": "", 
    "url": "http://www.cda.pl/video/17536165", 
    "year": "2016"
  }, 
  {
    "_filmweb": "742443", 
    "code": "720p", 
    "dirtytitle": " O krok od pucharu: Widzew 1982/1983 ", 
    "duration": 5220.0, 
    "genre": "Dokumentalny", 
    "img": "", 
    "label": "", 
    "msg": "", 
    "new": "", 
    "plot": "Dokument o jednym z najwi\u0119kszych sukces\u00f3w pi\u0142karzy Widzewa \u0141\u00f3d\u017a, kt\u00f3rzy w sezonie 1982/1983 dotarli do p\u00f3\u0142fina\u0142u Pucharu Europy\u00a0Mistrz\u00f3w Krajowych.", 
    "rating": 7.57143, 
    "studio": "Polska", 
    "title": "O krok od pucharu. Widzew \u0141\u00f3d\u017a 1982/1983 (2014)", 
    "trailer": "", 
    "url": "http://www.cda.pl/video/235645c8", 
    "year": "2014"
  }, 
  {
    "_filmweb": "1169", 
    "code": "720p", 
    "dirtytitle": "Poszukiwany - Poszukiwana (1972) 720p ", 
    "duration": 4920.0, 
    "genre": "Komedia", 
    "img": "http://1.fwcdn.pl/po/11/69/1169/7545934.3.jpg", 
    "label": "", 
    "msg": "", 
    "new": "", 
    "plot": "Pracownik muzeum, oskar\u017cony o kradzie\u017c obrazu, ukrywa si\u0119 w przebraniu gosposi.", 
    "rating": 7.51688, 
    "studio": "Polska", 
    "title": "Poszukiwany, poszukiwana (1972)", 
    "trailer": "", 
    "url": "http://www.cda.pl/video/1479313b", 
    "year": "1972"
  }, 
  {
    "_filmweb": "103778", 
    "code": "720p", 
    "dirtytitle": "WOODSTOCK NAJG\u0141O\u015aNIEJSZY FILM POLSKI ", 
    "duration": 7200.0, 
    "genre": "Dokumentalny,Muzyczny", 
    "img": "http://1.fwcdn.pl/po/37/78/103778/6900035.3.jpg", 
    "label": "", 
    "msg": "", 
    "new": "", 
    "plot": "Dokument ukazuje\u00a0festiwal muzyczny z 2002 roku i ludzi, kt\u00f3rzy brali w nim udzia\u0142.", 
    "rating": 7.25037, 
    "studio": "Polska", 
    "title": "Przystanek Woodstock - Najg\u0142o\u015bniejszy Film Polski (2003)", 
    "trailer": "", 
    "url": "http://www.cda.pl/video/2073704b", 
    "year": "2003"
  }, 
  {
    "_filmweb": "8239", 
    "code": "1080p", 
    "dirtytitle": "O-bi, o-ba: Koniec cywilizacji (1984) PL - HD 720p ", 
    "duration": 5100.0, 
    "genre": "Dramat,Sci-Fi", 
    "img": "http://1.fwcdn.pl/po/82/39/8239/6992337.3.jpg", 
    "label": "[COLOR green] pl [/COLOR]", 
    "msg": "", 
    "new": "", 
    "plot": "Po wojnie j\u0105drowej o\u015bmiuset ludzi oczekuje w betonowej budowli na ratunek, kt\u00f3ry przynie\u015b\u0107 ma l\u0105dowanie cudownej arki.", 
    "rating": 7.37018, 
    "studio": "Polska", 
    "title": "O-bi, o-ba: Koniec cywilizacji (1984)", 
    "trailer": "http://mm.filmweb.pl/8239/obi_oba_480.iphone.mp4", 
    "url": "http://www.cda.pl/video/1488434e", 
    "year": "1984"
  }, 
  {
    "_filmweb": "718988", 
    "code": "720p", 
    "dirtytitle": "Trzej kr\u00f3lowie Lektor PL ", 
    "duration": 180.0, 
    "genre": "Animacja,Kr\u00f3tkometra\u017cowy", 
    "img": "", 
    "label": "[COLOR green] lektor pl [/COLOR]", 
    "msg": "", 
    "new": "", 
    "plot": "", 
    "rating": 6, 
    "studio": "Polska", 
    "title": "Trzej Kr\u00f3lowie. Pastora\u0142ka (2014)", 
    "trailer": "", 
    "url": "http://www.cda.pl/video/141633f9", 
    "year": "2014"
  }, 
  {
    "_filmweb": "714997", 
    "code": "720p", 
    "dirtytitle": "Obowi\u0105zki (2014) Film Polski HD", 
    "duration": 1680.0, 
    "genre": "Komedia,Etiuda", 
    "img": "", 
    "label": "", 
    "msg": "", 
    "plot": "Milena udaje p\u0142acz przed lustrem, aby jak najlepiej wypa\u015b\u0107 na pogrzebie wujka.", 
    "rating": 4.66304, 
    "studio": "Polska", 
    "title": "Obowi\u0105zki (2014)", 
    "trailer": "", 
    "url": "http://www.cda.pl/video/558756d4", 
    "year": "2014"
  }, 
  {
    "_filmweb": "365528", 
    "code": "480p", 
    "dirtytitle": "Je\u0144cy / P\u00f3\u0142mg\u0142a (2005) Lektor PL", 
    "duration": 1440.0, 
    "genre": "Dokumentalny,Kr\u00f3tkometra\u017cowy", 
    "img": "", 
    "label": "[COLOR green] lektor pl [/COLOR]", 
    "msg": "", 
    "plot": "", 
    "rating": 7.25, 
    "studio": "Polska", 
    "title": "Zapomniani je\u0144cy (2005)", 
    "trailer": "", 
    "url": "http://www.cda.pl/video/23773268", 
    "year": "2005"
  }, 
  {
    "_filmweb": "900", 
    "code": "720p", 
    "dirtytitle": "Ma\u0142\u017cowina ", 
    "duration": 3840.0, 
    "genre": "Dramat", 
    "img": "http://1.fwcdn.pl/po/09/00/900/7453158.3.jpg", 
    "label": "", 
    "msg": "", 
    "new": "", 
    "plot": "Pisarz przeprowadza si\u0119 do mieszkania na warszawskiej Pradze, by stworzy\u0107 now\u0105 ksi\u0105\u017ck\u0119.", 
    "rating": 6.70411, 
    "studio": "Polska", 
    "title": "Ma\u0142\u017cowina (1998)", 
    "trailer": "", 
    "url": "http://www.cda.pl/video/243772c4", 
    "year": "1998"
  }, 
  {
    "_filmweb": "6737", 
    "code": "1080p", 
    "dirtytitle": "Kierunek Berlin ", 
    "duration": 4860.0, 
    "genre": "Wojenny", 
    "img": "http://1.fwcdn.pl/po/67/37/6737/7546933.3.jpg", 
    "label": "", 
    "msg": "", 
    "new": "", 
    "plot": null, 
    "rating": 6.43557, 
    "studio": "Polska", 
    "title": "Kierunek Berlin (1968)", 
    "trailer": "", 
    "url": "http://www.cda.pl/video/22383310", 
    "year": "1968"
  }, 
  {
    "_filmweb": "379214", 
    "code": "720p", 
    "dirtytitle": "Hibernatus ", 
    "duration": 180.0, 
    "genre": "Etiuda", 
    "img": null, 
    "label": "", 
    "msg": "", 
    "new": "", 
    "plot": null, 
    "rating": 10, 
    "studio": "Polska", 
    "title": "Hibernatus (1983)", 
    "trailer": "", 
    "url": "http://www.cda.pl/video/2434041f", 
    "year": "1983"
  }, 
  {
    "_filmweb": "707391", 
    "code": "720p", 
    "dirtytitle": "Odludzie / Backcountry (2014) Lektor PL ", 
    "duration": null, 
    "genre": "Horror", 
    "img": "http://1.fwcdn.pl/po/73/91/707391/7654038.3.jpg", 
    "label": " [COLOR green] lektor pl [/COLOR]", 
    "msg": "", 
    "new": "Nowo\u015b\u0107", 
    "plot": null, 
    "rating": 5.75, 
    "studio": "Polska", 
    "title": "Odludzie (2014)", 
    "trailer": "", 
    "url": "http://www.cda.pl/video/5859585a", 
    "year": "2014"
  }, 
  {
    "_filmweb": "698728", 
    "code": "720p", 
    "dirtytitle": "Facet (nie)potrzebny od zaraz (2014), Ca\u0142y film PL ", 
    "duration": 5220.0, 
    "genre": "Komedia rom.", 
    "img": "http://1.fwcdn.pl/po/87/28/698728/7592173.3.jpg", 
    "label": " [COLOR green] pl [/COLOR]", 
    "msg": "", 
    "new": "", 
    "plot": "M\u0142oda singielka postanawia odszuka\u0107 swoich by\u0142ych partner\u00f3w i ponownie si\u0119 z nimi spotka\u0107.", 
    "rating": 4.73039, 
    "studio": "Polska", 
    "title": "Facet (nie)potrzebny od zaraz (2014)", 
    "trailer": "http://mm.filmweb.pl/698728/facet_nie_potrzebny_trailer.720p.mp4", 
    "url": "http://www.cda.pl/video/51570732", 
    "year": "2014"
  }, 
  {
    "_filmweb": "639947", 
    "code": "720p", 
    "dirtytitle": "Ob\u0142awa (2012), Ca\u0142y film PL ", 
    "duration": 5280.0, 
    "genre": "Thriller,Wojenny,Psychologiczny", 
    "img": "http://1.fwcdn.pl/po/99/47/639947/7489090.3.jpg", 
    "label": "[COLOR green] pl [/COLOR]", 
    "msg": "", 
    "new": "Nowo\u015b\u0107", 
    "plot": "II wojna \u015bwiatowa. Kapral Wydra, \u017co\u0142nierz partyzanckiego oddzia\u0142u, zmaga si\u0119 nie tylko z Niemcami i polskimi zdrajcami, ale tak\u017ce z w\u0142asn\u0105 przesz\u0142o\u015bci\u0105.", 
    "rating": 6.6175885, 
    "studio": "Polska", 
    "title": "Ob\u0142awa (2012)", 
    "trailer": "http://mm.filmweb.pl/639947/oblawa_zwiastun_nr1_krzysztalowicz_mp4_480p__16x9_.720p.mp4", 
    "url": "http://www.cda.pl/video/52813376", 
    "year": "2012"
  }, 
  {
    "_filmweb": "1116", 
    "code": "720p", 
    "dirtytitle": "Pokolenie [1954] polski film. TVRip ", 
    "duration": 4980.0, 
    "genre": "Dramat,Wojenny,Psychologiczny", 
    "img": "http://1.fwcdn.pl/po/11/16/1116/7575687.3.jpg", 
    "label": "", 
    "msg": "", 
    "new": "Nowo\u015b\u0107", 
    "plot": "Stach, m\u0142ody niewykszta\u0142cony z\u0142odziejaszek, zatrudnia si\u0119 w stolarni. Oczarowany pi\u0119kn\u0105 komunistk\u0105 ze szko\u0142y wst\u0119puje do Zwi\u0105zku Walki M\u0142odych.", 
    "rating": 6.5601, 
    "studio": "Polska", 
    "title": "Pokolenie (1954)", 
    "trailer": "", 
    "url": "http://www.cda.pl/video/599456ab", 
    "year": "1954"
  }, 
  {
    "_filmweb": "11896", 
    "code": "480p", 
    "dirtytitle": "Zabicie ciotki (1984) Film Polski", 
    "duration": 6300.0, 
    "genre": "Obyczajowy", 
    "img": "http://1.fwcdn.pl/po/18/96/11896/7347136.3.jpg", 
    "msg": "", 
    "plot": null, 
    "rating": 6.59896, 
    "studio": "Polska", 
    "title": "Zabicie ciotki (1984)", 
    "trailer": "", 
    "url": "http://www.cda.pl/video/561350b8", 
    "year": "1984"
  }, 
  {
    "_filmweb": "4810", 
    "code": "480p", 
    "dirtytitle": "Cze\u015b\u0107 kapitanie (1967) Film Polski ", 
    "duration": 3300.0, 
    "genre": "Krymina\u0142,Sensacyjny", 
    "img": null, 
    "msg": "", 
    "plot": null, 
    "rating": 6.18137, 
    "studio": "Polska", 
    "title": "Cze\u015b\u0107 kapitanie (1967)", 
    "trailer": "", 
    "url": "http://www.cda.pl/video/561348d3", 
    "year": "1967"
  }, 
  {
    "_filmweb": "638081", 
    "code": "1080p", 
    "dirtytitle": "Baczy\u0144ski (2013) Film Polski FULL HD", 
    "duration": 4200.0, 
    "genre": "Biograficzny,Poetycki,Fabularyzowany dok.", 
    "img": "http://1.fwcdn.pl/po/80/81/638081/7524132.3.jpg", 
    "msg": "", 
    "plot": "Opowie\u015b\u0107 o legendarnym poecie oraz bezsensie wojny i sztuce, kt\u00f3ra jest ponadczasowa, a tak\u017ce nie\u015bmiertelna.", 
    "rating": 6.51021, 
    "studio": "Polska", 
    "title": "Baczy\u0144ski (2013)", 
    "trailer": "http://mm.filmweb.pl/638081/baczynski___zwiastun_filmu.720p.mp4", 
    "url": "http://www.cda.pl/video/5613558f", 
    "year": "2013"
  }, 
  {
    "_filmweb": "95984", 
    "code": "480p", 
    "dirtytitle": "Markiza de Pompadour (1965) Film Polski", 
    "duration": 1560.0, 
    "genre": "Komedia,Kr\u00f3tkometra\u017cowy", 
    "img": null, 
    "msg": "", 
    "plot": null, 
    "rating": 6.77528, 
    "studio": "Polska", 
    "title": "Markiza de Pompadour (1965)", 
    "trailer": "", 
    "url": "http://www.cda.pl/video/56231893", 
    "year": "1965"
  }, 
  {
    "_filmweb": "96041", 
    "code": "480p", 
    "dirtytitle": "Ping-pong (1965) Film Polski", 
    "duration": 1260.0, 
    "genre": "Obyczajowy,Kr\u00f3tkometra\u017cowy", 
    "img": null, 
    "msg": "", 
    "plot": null, 
    "rating": 7.254717, 
    "studio": "Polska", 
    "title": "Ping-pong (1965)", 
    "trailer": "", 
    "url": "http://www.cda.pl/video/56232102", 
    "year": "1965"
  }, 
  {
    "_filmweb": "96042", 
    "code": "480p", 
    "dirtytitle": "Per\u0142y i dukaty (1965) Film Polski", 
    "duration": 1440.0, 
    "genre": "Obyczajowy,Kr\u00f3tkometra\u017cowy", 
    "img": "http://1.fwcdn.pl/po/60/42/96042/7284138.3.jpg", 
    "msg": "", 
    "plot": null, 
    "rating": 6.72131, 
    "studio": "Polska", 
    "title": "Per\u0142y i dukaty (1965)", 
    "trailer": "", 
    "url": "http://www.cda.pl/video/56231961", 
    "year": "1965"
  }, 
  {
    "_filmweb": "1204", 
    "code": "1080p", 
    "dirtytitle": "Krzy\u017cacy (1960)", 
    "duration": 9960.0, 
    "genre": "Dramat historyczny", 
    "img": "http://1.fwcdn.pl/po/12/04/1204/7117687.3.jpg", 
    "label": "", 
    "msg": "", 
    "new": "Nowo\u015b\u0107", 
    "plot": "Dzielny m\u0142ody rycerz, Zbyszko z Bogda\u0144ca, ze wszystkich si\u0142 zwalcza Krzy\u017cak\u00f3w, kt\u00f3rzy wyrz\u0105dzili wiele z\u0142a jego bliskim.", 
    "rating": 6.50082, 
    "studio": "Polska", 
    "title": "Krzy\u017cacy (1960)", 
    "trailer": "", 
    "url": "https://www.cda.pl/video/1745113e3", 
    "year": "1960"
  }, 
  {
    "_filmweb": "149809", 
    "code": "720p", 
    "duration": 11160.0, 
    "genre": "Biograficzny,Dramat", 
    "img": "http://1.fwcdn.pl/po/98/09/149809/7536866.3.jpg", 
    "msg": "", 
    "plot": "Kiedy wybucha II wojna \u015bwiatowa, Karol Wojty\u0142a jest studentem drugiego roku polonistyki. Po latach decyduje si\u0119 zosta\u0107 ksi\u0119dzem, co w konsekwencji wynosi go na Tron Piotrowy.", 
    "rating": 6.90652, 
    "studio": "Francja, Kanada, Niemcy, Polska, W\u0142ochy", 
    "title": "Karol - cz\u0142owiek, kt\u00f3ry zosta\u0142 papie\u017cem (2005)", 
    "trailer": "http://mm.filmweb.pl/149809/karol_480.iphone.mp4", 
    "url": "http://www.cda.pl/video/14353774", 
    "year": "2005"
  }, 
  {
    "_filmweb": "1200", 
    "code": "SD", 
    "duration": 6660.0, 
    "genre": "Dramat,Polityczny", 
    "img": "http://1.fwcdn.pl/po/12/00/1200/7520046.3.jpg", 
    "msg": "", 
    "plot": "Artystka kabaretowa zostaje upita i aresztowana. Funkcjonariusze UB \u017c\u0105daj\u0105 od niej zezna\u0144 obci\u0105\u017caj\u0105cych jej koleg\u0119 z zespo\u0142u.", 
    "rating": 8.07963, 
    "studio": "Polska", 
    "title": "Przes\u0142uchanie (1982)", 
    "trailer": "", 
    "url": "http://www.cda.pl/video/120848e2", 
    "year": "1982"
  }, 
  {
    "_filmweb": "32225", 
    "code": "720p", 
    "duration": 9000.0, 
    "genre": "Biograficzny,Dramat,Wojenny", 
    "img": "http://1.fwcdn.pl/po/22/25/32225/7519150.3.jpg", 
    "msg": "", 
    "plot": "Podczas drugiej wojny \u015bwiatowej W\u0142adys\u0142aw Szpilman, znakomity polski pianista, stara si\u0119 prze\u017cy\u0107 w okupowanej Warszawie.", 
    "rating": 8.26708, 
    "studio": "Francja, Niemcy, Polska, Wielka Brytania", 
    "title": "Pianista (2002)", 
    "trailer": "http://mm.filmweb.pl/32225/the_pianist_official_trailer_1___adrien_brody_movie__2002__hd.iphone.mp4", 
    "url": "http://www.cda.pl/video/247884fb", 
    "year": "2002"
  }, 
  {
    "_filmweb": "1143", 
    "code": "1080p", 
    "dirtytitle": "Psy II: Ostatnia krew (1994) (Ca\u0142y Film HD) ", 
    "duration": 5940.0, 
    "genre": "Sensacyjny", 
    "img": "http://1.fwcdn.pl/po/11/43/1143/6923741.3.jpg", 
    "label": "", 
    "msg": "", 
    "new": "", 
    "plot": "Franz Maurer po wyj\u015bciu z wi\u0119zienia przystaje do grupy zajmuj\u0105cej si\u0119 nielegalnym handlem broni\u0105.", 
    "rating": 7.26546, 
    "studio": "Polska", 
    "title": "Psy II: Ostatnia krew (1994)", 
    "trailer": "", 
    "url": "http://www.cda.pl/video/1175337c", 
    "year": "1994"
  }, 
  {
    "_filmweb": "1203", 
    "code": "1080p", 
    "duration": 9660.0, 
    "genre": "Historyczny,Przygodowy", 
    "img": "http://1.fwcdn.pl/po/12/03/1203/6909048.3.jpg", 
    "label": " cz\u0119\u015b\u0107 I ", 
    "msg": "", 
    "part": 1, 
    "plot": "Po \u015bmierci narzeczonej Wo\u0142odyjowski porzuca s\u0142u\u017cb\u0119 \u017co\u0142niersk\u0105 i wst\u0119puje do klasztoru. Tymczasem Rzeczpospolita przygotowuje si\u0119 na turecki najazd.", 
    "rating": 7.320308, 
    "studio": "Polska", 
    "title": "Pan Wo\u0142odyjowski (1969)", 
    "trailer": "", 
    "url": "http://www.cda.pl/video/541812b9", 
    "year": "1969"
  }, 
  {
    "_filmweb": "1203", 
    "code": "1080p", 
    "duration": 9660.0, 
    "genre": "Historyczny,Przygodowy", 
    "img": "http://1.fwcdn.pl/po/12/03/1203/6909048.3.jpg", 
    "label": " cz\u0119\u015b\u0107 II ", 
    "msg": "", 
    "part": 2, 
    "plot": "Po \u015bmierci narzeczonej Wo\u0142odyjowski porzuca s\u0142u\u017cb\u0119 \u017co\u0142niersk\u0105 i wst\u0119puje do klasztoru. Tymczasem Rzeczpospolita przygotowuje si\u0119 na turecki najazd.", 
    "rating": 7.320308, 
    "studio": "Polska", 
    "title": "Pan Wo\u0142odyjowski (1969)", 
    "trailer": "", 
    "url": "http://www.cda.pl/video/54181156", 
    "year": "1969"
  }, 
  {
    "_filmweb": "6850", 
    "code": "720p", 
    "duration": 5580.0, 
    "genre": "Dramat,Wojenny", 
    "img": "http://1.fwcdn.pl/po/68/50/6850/7085768.3.jpg", 
    "msg": "", 
    "plot": "M\u0142ody muzyk podejmuje walk\u0119 o prze\u017cycie i zachowanie godno\u015bci w obozie koncentracyjnym.", 
    "rating": 7.28244, 
    "studio": "Polska", 
    "title": "Kornblumenblau (1988)", 
    "trailer": "", 
    "url": "http://www.cda.pl/video/54559357", 
    "year": "1988"
  }
]