{
	"Alternatywy 4": [{"folder":"http://www.cda.pl/Extremerator/folder/1240066"}],
	"13 Posterunek": [{"folder":"http://www.cda.pl/Ramires_93/folder/930646"}],
	"Z Archiwum X Sezon 1-10": [{"folder":"http://www.cda.pl/Diamante/folder/859719"}],
	"The Walking Dead (6)":[{"folder":"http://www.cda.pl/theraft/folder/1491856"}],
	"Futurama":[{"folder":"http://www.cda.pl/realm30/folder/618014"}], 
	"Ojciec Brown":[{"folder":"https://www.cda.pl/Yaren/folder/7523696"}], 
	"House of Cards": 
	{
		"Sezon 1" : [{"folder":"http://www.cda.pl/Mroczny_Wojownik/folder/1643438"}],
		"Sezon 2" : [{"folder":"http://www.cda.pl/Mroczny_Wojownik/folder/2579337"}],
		"Sezon 3" :	[{"folder":"http://www.cda.pl/marcin-1981/folder/1025467"}],
		"Sezon 4" : [{"folder":"http://www.cda.pl/AdDiXx/folder/1578684"}]
	},
	"4 Pancerni i pies" :[{"folder":"http://www.cda.pl/rochcho/folder/1110112?type=pliki"}],
	"Cienka niebieska linia":
	{
		"Sezon 1" : [{"folder":"http://www.cda.pl/MDP_Cinema/folder/1144445?type=pliki"}]
	},
	"Colombo":[{"folder":"https://www.cda.pl/seb180/folder/894572?type=pliki","img":"http://1.fwcdn.pl/po/44/18/534418/7281927.3.jpg"}], 
	"Daredevil":
	{
		"Sezon 1" : [{"folder":"http://www.cda.pl/p-sobolski/folder/1091720?type=pliki"}]
	}
}