{
	"PromillBox" : {
		 "Kolekcja Filmowa" : [{ "folder" : "http://www.cda.pl/PromillBox/folder/933310"} ],
		 "Filmy" : [{ "folder" : "http://www.cda.pl/PromillBox/folder/705617"} ],
		 "seriale": [{ "folder" :"http://www.cda.pl/PromillBox/folder/705618"} ]
    },
	
	"Marek_Dj-Marco - Folder glówny" :[{
      "folder" : "http://www.cda.pl/Marek_Dj-Marco/folder-glowny",
      "subfoders" : true,
      "items" : true,
      "flter_item" :{}
    }],
	"MrSaszka - Folder glówny" :[{ "folder" : "http://www.cda.pl/MrSaszka/folder-glowny", "subfoders" : true, "items" : true, "flter_item" :{} }],
	"GrupaBBMedia - Folder glówny" :[{ "folder" : "http://www.cda.pl/GrupaBBMedia/folder-glowny", "subfoders" : true, "items" : true, "flter_item" :{} }],
	"VideoKuchniapl" :[{ "folder" : "http://www.cda.pl/VideoKuchniapl/folder-glowny", "subfoders" : true, "items" : true, "flter_item" :{} }],
	"SmakowiteDania" :[{ "folder" : "http://www.cda.pl/SmakowiteDania/folder-glowny", "subfoders" : true, "items" : true, "flter_item" :{} }],
	"sylamila" :[{ "folder" : "http://www.cda.pl/sylamila/folder-glowny?type=pliki", "subfoders" : true, "items" : true, "flter_item" :{} }],
	"mbkasek" :[{ "folder" : "http://www.cda.pl/mbkasek/folder-glowny?type=pliki", "subfoders" : true, "items" : true, "flter_item" :{} }]	
}