{
    "Gwiezdne wojny - Star Wars (6)":[{ "folder" : "http://www.cda.pl/kamiltraczyk12/folder/1791343" } ], 
	"Szklana pułapka: [wymaga logowania]":[{ "folder" : "http://www.cda.pl/arkas34/folder/877147" } ], 
	"Epoka Lodowcowa (4)" :[{ "folder" : "http://www.cda.pl/PromillBox/folder/934570" } ],
	"Powrót do przyszłości  (3)": [ {"folder" :"http://www.cda.pl/Jan_Typek/folder/891188" }],
	"Zabójcza broń (4)" :[{ "folder" : "http://www.cda.pl/PromillBox/folder/934807" }],
	"Ojciec chrzestny (3)" :[{ "folder" : "http://www.cda.pl/PromillBox/folder/934090" }],
	"Trylogia Bournea (3)" :[{ "folder" : "http://www.cda.pl/PromillBox/folder/939383" }],
	"Terminator (4)" : [
		{"folder":"http://www.cda.pl/PromillBox/folder/938926"},
		{"filmweb":512784, "title" : "Terminator: Genisys (2015) Lektor PL", "url": "http://www.cda.pl/video/49624450","img":"http://1.fwcdn.pl/po/27/84/512784/7692571.3.jpg", "code":"720p"}
	],
	"Akademia Policyjna (7)" :[{"folder":"http://www.cda.pl/PromillBox/folder/933471"}],
	"Shrek (4)" :[{"folder":"http://www.cda.pl/PromillBox/folder/934631"}],
	"Obcy (4)" :[{"folder":"http://www.cda.pl/Jan_Typek/folder/880171"}],
	"Asterix i Obelix (3)":[{"folder":"http://www.cda.pl/JAR0/folder/1300211"}],
	"Gang Olsena (14)":
	[ 
		 { "_filmweb": "31485", "code": "720p", "dirtytitle": "Gang Olsena - Ostatnia misja / Olsen-bandens sidste stik (1998) Lektor PL HD", "duration": 6300.0, "genre": "Komedia kryminalna", "img": "http://1.fwcdn.pl/po/14/85/31485/6948940.3.jpg", "label": " [COLOR green] lektor pl [/COLOR]", "plot": "Pomimo przej\u015bcia na emerytur\u0119 grupa przyjaci\u00f3\u0142 postanawia dokona\u0107 ostatniego skoku. Ma by\u0107 najwi\u0119kszy w ich karierze.", "rating": 6.9902534, "studio": "Dania", "title": "Gang Olsena - Ostatnia misja (1998)", "trailer": "http://mm.filmweb.pl/31485/trailer___olsen_banden_sidste_stik___1998_.iphone.mp4", "url": "http://www.cda.pl/video/56600079", "year": "1998" }, 
		 { "_filmweb": "31484", "code": "720p", "duration": 5760.0, "genre": "Komedia kryminalna", "img": "http://1.fwcdn.pl/po/14/84/31484/6948939.3.jpg", "label": " [COLOR green] pl lektor pl [/COLOR]", "plot": "Egon Olsen wraz z przyjaci\u00f3\u0142mi zaplanowali kradzie\u017c czerwonej teczki. Po tym jak uda im si\u0119 j\u0105 zdoby\u0107, licz\u0105, \u017ce w\u0142a\u015bciciel b\u0119dzie chcia\u0142 j\u0105 odkupi\u0107.", "rating": 7.09713, "studio": "Dania", "title": "Gang Olsena - Paryski plan (1981)", "trailer": "http://mm.filmweb.pl/31484/trailer___olsen_banden_over_alle_bjerge____1981_.iphone.mp4", "url": "http://www.cda.pl/video/56602777", "year": "1981" }, 
		 { "_filmweb": "31483", "code": "720p", "dirtytitle": "Gang Olsena daje dyla / Olsen-bandens flugt over plankev\u00e6rket (1981) Lektor PL HD", "duration": 6000.0, "genre": "Komedia kryminalna", "img": "http://1.fwcdn.pl/po/14/83/31483/6948938.3.jpg", "label": " [COLOR green] pl lektor pl [/COLOR]", "plot": "Egon Olsen planuje sw\u00f3j ostatni skok. Zamierza ukra\u015b\u0107 5 milion\u00f3w koron z du\u0144skiego skarbca.", "rating": 6.990891, "studio": "Dania", "title": "Gang Olsena daje dyla (1981)", "trailer": "http://mm.filmweb.pl/31483/trailer___olsen_banden___flugt_over_plankevaerket__1981_.iphone.mp4", "url": "http://www.cda.pl/video/566036a9", "year": "1981" }, 
		 { "_filmweb": "31482", "code": "720p", "dirtytitle": "Gang Olsena nigdy si\u0119 nie poddaje / Olsen-Banden overgiver sig aldrig (1979) Lektor PL HD", "duration": 6300.0, "genre": "Komedia kryminalna", "img": "http://1.fwcdn.pl/po/14/82/31482/6948941.3.jpg", "label": " [COLOR green] lektor pl [/COLOR]", "plot": "Podczas pobytu w wi\u0119zieniu Egon poznaje maklera i postanawia handlowa\u0107 akcjami. Gdy plan nie wypala, wraz z przyjaci\u00f3\u0142mi chc\u0105 obrabowa\u0107 skarbiec Komisji Europejskiej.", "rating": 6.9953284, "studio": "Dania", "title": "Gang Olsena nigdy si\u0119 nie poddaje (1979)", "trailer": "http://mm.filmweb.pl/31482/trailer___olsen_banden_overgiver_sig_aldrig__1979_.iphone.mp4", "url": "http://www.cda.pl/video/566039f8", "year": "1979" }, 
		 { "_filmweb": "31480", "code": "720p", "dirtytitle": "Gang Olsena idzie na wojn\u0119 / Olsen-banden g\u00e5r i krig (1978) Lektor PL HD", "duration": 6120.0, "genre": "Komedia kryminalna", "img": "http://1.fwcdn.pl/po/14/80/31480/6948937.3.jpg", "label": " [COLOR green] lektor pl [/COLOR]", "plot": "Egon przed wyj\u015bciem z wi\u0119zienia zacz\u0105\u0142 opracowywa\u0107 nowy plan. Podczas skoku okazuje si\u0119, \u017ce przeoczy\u0142 jedn\u0105 kwesti\u0119.", "rating": 6.91499, "studio": "Dania", "title": "Gang Olsena idzie na wojn\u0119 (1978)", "trailer": "http://mm.filmweb.pl/31480/gang_olsena1_480.iphone.mp4", "url": "http://www.cda.pl/video/5660402d", "year": "1978" }, 
		 { "_filmweb": "31479", "code": "720p", "dirtytitle": "Gang Olsena znowu w akcji / Olsen-Banden deruda' (1977) Lektor PL HD", "duration": 6060.0, "genre": "Komedia kryminalna", "img": "http://1.fwcdn.pl/po/14/79/31479/6936604.3.jpg", "label": " [COLOR green] lektor pl [/COLOR]", "plot": "Po wyj\u015bciu z wi\u0119zienia Egon poznaje siostrze\u0144ca \u017cony Klejda, specjalist\u0119 od komputer\u00f3w, Georga. Postanawia w\u0142\u0105czy\u0107 go w kolejn\u0105 akcj\u0119.", "rating": 7.05054, "studio": "Dania", "title": "Gang Olsena znowu w akcji (1977)", "trailer": "", "url": "http://www.cda.pl/video/566026d4", "year": "1977" }, 
		 { "_filmweb": "31478", "code": "720p", "dirtytitle": "Gang Olsena wpada w sza\u0142 / Olsen-banden ser r\u00f8dt (1976) Lektor PL HD", "duration": 6000.0, "genre": "Komedia kryminalna", "img": "http://1.fwcdn.pl/po/14/78/31478/7475080.3.jpg", "label": " [COLOR green] lektor pl [/COLOR]", "plot": "Podczas pobytu w wi\u0119zieniu Egon planuje kolejny skok. Chce wykra\u015b\u0107 cenn\u0105 staro\u017cytn\u0105 waz\u0119 z Kr\u00f3lewskiego Teatru.", "rating": 7.11996, "studio": "Dania", "title": "Gang Olsena wpada w sza\u0142 (1976)", "trailer": "", "url": "http://www.cda.pl/video/566030aa", "year": "1976" }, 
		 { "_filmweb": "31469", "code": "720p", "dirtytitle": "Gang Olsena na szlaku / Olsenbanden p\u00e5 sporet (1975) Lektor PL HD", "duration": 6240.0, "genre": "Komedia kryminalna", "img": "http://1.fwcdn.pl/po/14/69/31469/7429323.3.jpg", "label": " [COLOR green] lektor pl [/COLOR]", "plot": "Egon po utracie posiad\u0142o\u015bci na Majorce postanawia wr\u00f3ci\u0107 do Danii, gdzie planuje kolejny skok.", "rating": 7.05531, "studio": "Dania", "title": "Gang Olsena na szlaku (1975)", "trailer": "", "url": "http://www.cda.pl/video/5662308a", "year": "1975" }, 
		 { "_filmweb": "31468", "code": "720p", "dirtytitle": "Ostatni skok Gangu Olsena / Olsen-Bandens sidste bedrifter (1974) Lektor PL HD", "duration": 6120.0, "genre": "Komedia kryminalna", "img": "http://1.fwcdn.pl/po/14/68/31468/7548256.3.jpg", "label": " [COLOR green] lektor pl [/COLOR]", "plot": "Egon nie chce ju\u017c wsp\u00f3\u0142pracowa\u0107 z Bennym i Klejdem. Postanawia dzia\u0142a\u0107 z prawdziwymi gangsterami. Gdy zostaje przez nich oszukany, wraz z przyjaci\u00f3\u0142mi planuje zemst\u0119.", "rating": 7.17469, "studio": "Dania", "title": "Ostatni skok Gangu Olsena (1974)", "trailer": "", "url": "http://www.cda.pl/video/56596454", "year": "1974" }, 
		 { "_filmweb": "31467", "code": "720p", "dirtytitle": "Gang Olsena w amoku / Olsen-Banden g\u00e5r amok (1973) Lektor PL HD", "duration": 6060.0, "genre": "Komedia kryminalna", "img": "http://1.fwcdn.pl/po/14/67/31467/6936602.3.jpg", "label": " [COLOR green] lektor pl [/COLOR]", "plot": "Poniewa\u017c Egon traci zaufanie swoich przyjaci\u00f3\u0142, sam dokonuje napadu. Po udanej kradzie\u017cy sejfu zabiera wszystkich na Majork\u0119.", "rating": 7.08736, "studio": "Dania", "title": "Gang Olsena w amoku (1973)", "trailer": "", "url": "http://www.cda.pl/video/566029d0", "year": "1973" }, 
		 { "_filmweb": "31466", "code": "720p", "dirtytitle": "Wielki skok Gangu Olsena / Olsen-Bandens store kup (1972) Lektor PL HD", "duration": 5940.0, "genre": "Komedia kryminalna", "img": "http://1.fwcdn.pl/po/14/66/31466/7346249.3.jpg", "label": " [COLOR green] lektor pl [/COLOR]", "plot": "Egon po wyj\u015bciu z wi\u0119zienia planuje skok na transport z pieni\u0119dzmi. W drog\u0119 wejd\u0105 mu inni ch\u0119tni na 4 miliony koron.", "rating": 7.1183124, "studio": "Dania", "title": "Wielki skok Gangu Olsena (1972)", "trailer": "", "url": "http://www.cda.pl/video/5660318a", "year": "1972" }, 
		 { "_filmweb": "31465", "code": "720p", "dirtytitle": "Gang Olsena jedzie do Jutlandii / Olsen-Banden i Jylland (1971) Lektor PL HD", "duration": 6060.0, "genre": "Komedia kryminalna", "img": "http://1.fwcdn.pl/po/14/65/31465/7175840.3.jpg", "label": " [COLOR green] lektor pl [/COLOR]", "plot": "Egon, Benny i Klejd postanawiaj\u0105 obrabowa\u0107 poniemiecki bunkier w Jutlandii. Nie tylko oni wpadli na ten plan.", "rating": 7.090572, "studio": "Dania", "title": "Gang Olsena jedzie do Jutlandii (1971)", "trailer": "", "url": "http://www.cda.pl/video/5659968f", "year": "1971" }, 
		 { "_filmweb": "31464", "code": "720p", "dirtytitle": "Gang Olsena w potrzasku / Olsen-banden p\u00e5 spanden (1969) Lektor PL HD", "duration": 6660.0, "genre": "Komedia kryminalna", "img": "http://1.fwcdn.pl/po/14/64/31464/7175839.3.jpg", "label": " [COLOR green] lektor pl [/COLOR]", "plot": "Po wyj\u015bciu z wi\u0119zienia Egon Olsen postanawia by\u0107 uczciwym cz\u0142owiekiem. Zrz\u0105dzeniem losu bank, obok kt\u00f3rego pracuj\u0105 wraz z Bennym i Klejdem, zostaje obrabowany.", "rating": 7.07738, "studio": "Dania", "title": "Gang Olsena w potrzasku (1969)", "trailer": "", "url": "http://www.cda.pl/video/5659747f", "year": "1969" }, 
		 { "_filmweb": "31463", "code": "720p", "dirtytitle": "Gang Olsena / Olsen-Banden (1968) Lektor PL HD", "duration": 4800.0, "genre": "Komedia kryminalna", "img": "http://1.fwcdn.pl/po/14/63/31463/7429133.3.jpg", "label": " [COLOR green] lektor pl [/COLOR]", "plot": "Egon Olsen wraz z Bennym i Klejdem to drobni z\u0142odzieje. Opracowuj\u0105 plan kradzie\u017cy skarbu wystawionego na tygodniu bawarskim.", "rating": 7.180578, "studio": "Dania", "title": "Gang Olsena (1968)", "trailer": "", "url": "http://www.cda.pl/video/56596525", "year": "1968" }
	],
	"Żandarm - Louis de Funes (41)": [{"folder":"http://www.cda.pl/JAR0/folder/1289301"}],
	"Władca Pierścieni (3)" : [
		{"folder":"http://www.cda.pl/MrSaszka/folder/1033825"},
		{"title":"Władca Pierścieni: Powrót króla (2003) Lektor PL","url":"http://www.cda.pl/video/12966438","code":"720p","img":"http://1.fwcdn.pl/po/18/41/11841/7494142.3.jpg"}
		],
	"Mission: Impossible (4)" :[{"folder":"http://www.cda.pl/MrSaszka/folder/1045945"}],
	"Rocky (6)": [{"folder":"http://www.cda.pl/MrSaszka/folder/979036"}],
	"Rambo (4)": [{"folder":"http://www.cda.pl/MrSaszka/folder/979035"}],
	"Piraci z Karaibów ":	
	[ 
		{ "_filmweb": "37309", "code": "1080p", "duration": 8580.0, "genre": "Fantasy,Przygodowy", "img": "http://1.fwcdn.pl/po/73/09/37309/7515192.3.jpg", "plot": "Kowal Will Turner sprzymierza si\u0119 z kapitanem Jackiem Sparrowem, by odzyska\u0107 swoj\u0105 mi\u0142o\u015b\u0107 - porwan\u0105 c\u00f3rk\u0119 gubernatora.", "rating": 7.76242, "studio": "USA", "title": "Piraci z Karaib\u00f3w: Kl\u0105twa Czarnej Per\u0142y (2003)", "trailer": "http://mm.filmweb.pl/37309/pirates_of_the_caribbean__the_curse_of_the_black_pearl_official_trailer_1__2003__hd.480p.mp4", "url": "http://www.cda.pl/video/5667747e", "year": "2003" }, 
		{ "_filmweb": "107404", "code": "1080p", "duration": 9000.0, "genre": "Fantasy,Przygodowy", "img": "http://1.fwcdn.pl/po/74/04/107404/7518098.3.jpg", "plot": "Jack Sparrow musi sp\u0142aci\u0107 d\u0142ug zaci\u0105gni\u0119ty wobec kapitana Lataj\u0105cego Holendra. Uniknie \u015bmierci, gdy znajdzie i zniszczy serce Davy'ego Jonesa ukryte w Skrzyni Umarlaka.", "rating": 7.78498, "studio": "USA", "title": "Piraci z Karaib\u00f3w: Skrzynia umarlaka (2006)", "trailer": "http://mm.filmweb.pl/107404/piratesofthecaribbean2_tlr1_h_640.iphone.mp4", "url": "http://www.cda.pl/video/5699665f", "year": "2006" }, 
		{ "_filmweb": "121760", "code": "720p", "duration": 10140.0, "genre": "Fantasy,Przygodowy", "img": "http://1.fwcdn.pl/po/17/60/121760/7154556.3.jpg", "label": " [COLOR green] lektor pl [/COLOR]", "plot": "Will Turner i Elizabeth Swan wyruszaj\u0105 w podr\u00f3\u017c na kraniec \u015bwiata, by uratowa\u0107 kapitana Jacka Sparrowa z pu\u0142apki Davy'ego Jonesa.", "rating": 7.73878, "studio": "USA", "title": "Piraci z Karaib\u00f3w: Na kra\u0144cu \u015bwiata (2007)", "trailer": "http://mm.filmweb.pl/121760/pirates_of_the_caribbean__at_world_s_end__2007__official_trailer__1___johnny_depp_movie_hd.720p.mp4", "url": "http://www.cda.pl/video/5997186f", "year": "2007" }, 
		{ "_filmweb": "491118", "code": "SD", "duration": 8220.0, "genre": "Fantasy,Przygodowy", "img": "http://1.fwcdn.pl/po/11/18/491118/7372600.3.jpg", "plot": "Kapitan Jack Sparrow poszukuje s\u0142ynnej Fontanny M\u0142odo\u015bci. Na swojej drodze spotyka pi\u0119kn\u0105 Angelik\u0119 i okrutnego Czarnobrodego.", "rating": 7.41586, "studio": "USA", "title": "Piraci z Karaib\u00f3w: Na nieznanych wodach (2011)", "trailer": "http://mm.filmweb.pl/491118/piraci2_iPhone.mp4", "url": "http://www.cda.pl/video/540352d4", "year": "2011" }
	],
	"Magadaskar (3)":
	[ 
		{ "_filmweb": "494685", "code": "1080p", "dirtytitle": "Madagaskar 3 (2012) 1080p - Dubbing pl ", "duration": 5340.0, "genre": "Animacja,Familijny,Komedia,Przygodowy", "img": "http://1.fwcdn.pl/po/46/85/494685/7469271.3.jpg", "label": " [COLOR green] dubbing pl [/COLOR]", "new": "", "plot": "\u2028Lew, hipopotam, zebra i \u017cyrafa staraj\u0105 si\u0119 wr\u00f3ci\u0107 do Nowego Jorku przemierzaj\u0105c Europ\u0119 w przebraniu cyrkowc\u00f3w.", "rating": 6.96328, "studio": "USA", "title": "Madagaskar 3 (2012)", "trailer": "http://mm.filmweb.pl/494685/madagaskar3_zwiastun_numer2.720p.mp4", "url": "http://www.cda.pl/video/156896bc", "year": "2012" }, 
		{ "_filmweb": "255725", "code": "1080p", "dirtytitle": "Madagaskar 2(2008) Dubbing PL 1080p ", "duration": 5340.0, "genre": "Animacja,Familijny,Komedia,Przygodowy", "img": "http://1.fwcdn.pl/po/57/25/255725/7225116.3.jpg", "label": " [COLOR green] dubbing pl [/COLOR]", "new": "", "plot": "Czw\u00f3rka przyjaci\u00f3\u0142 pr\u00f3buje wr\u00f3ci\u0107 do Nowego Jorku. Gdy ich samolot ulega awarii i rozbija si\u0119 na terenie Afryki, Alex poznaje swoich rodzic\u00f3w.", "rating": 7.16809, "studio": "USA", "title": "Madagaskar 2 (2008)", "trailer": "http://mm.filmweb.pl/255725/madagascar2_trlrh_640.iphone.mp4", "url": "http://www.cda.pl/video/205603c2", "year": "2008" }, 
		{ "_filmweb": "107535", "code": "1080p", "dirtytitle": "Madagaskar/Madagascar(2005) Dubbing PL 1080p ", "duration": 5160.0, "genre": "Animacja,Familijny", "img": "http://1.fwcdn.pl/po/75/35/107535/7521192.3.jpg", "label": " [COLOR green] dubbing pl [/COLOR]", "new": "", "plot": "Lew, zebra, hipopotam i \u017cyrafa zostaj\u0105 wys\u0142ane statkiem z nowojorskiego zoo do Afryki. Po\u015brodku oceanu ich klatki wypadaj\u0105 za burt\u0119 pok\u0142adu, w wyniku czego zwierz\u0119ta l\u0105duj\u0105 na brzegu egzotycznej wyspy.", "rating": 7.50453, "studio": "USA", "title": "Madagaskar (2005)", "trailer": "http://mm.filmweb.pl/107535/madagascar_trl6_qt_high.iphone.mp4", "url": "http://www.cda.pl/video/20539207", "year": "2005" }
	],
	"Indiana Jones (4)":
	[ 
		{ "_filmweb": "1216", "code": "720p", "duration": 6900.0, "genre": "Przygodowy", "img": "http://1.fwcdn.pl/po/12/16/1216/7211116.3.jpg", "plot": "Indiana Jones wyrusza do Egiptu, gdzie prawdopodobnie odkryto miejsce przechowywania Arki Przymierza. Nie mo\u017ce dopu\u015bci\u0107, by trofeum znalaz\u0142o si\u0119 w r\u0119kach nazist\u00f3w.", "rating": 7.73942, "studio": "USA", "title": "Poszukiwacze zaginionej Arki (1981)", "trailer": "", "url": "http://www.cda.pl/video/497532b7", "year": "1981" }, 
		{ "_filmweb": "1214", "code": "720p", "duration": 7080.0, "genre": "Przygodowy", "img": "http://1.fwcdn.pl/po/12/14/1214/7211115.3.jpg", "plot": "Oszukany przez szefa chi\u0144skiego gangu Indiana zostaje otruty. Ratuje go Willie Scott, z kt\u00f3r\u0105 trafia do Indii, gdzie dostaje zadanie odnalezienia \u015bwi\u0119tego kamienia.", "rating": 7.6033, "studio": "USA", "title": "Indiana Jones i \u015awi\u0105tynia Zag\u0142ady (1984)", "trailer": "", "url": "http://www.cda.pl/video/49769834", "year": "1984" }, 
		{ "_filmweb": "1213", "code": "1080p", "duration": 7620.0, "genre": "Przygodowy", "img": "http://1.fwcdn.pl/po/12/13/1213/7211118.3.jpg", "plot": "Indiana musi ratowa\u0107 porwanego przez nazist\u00f3w ojca, kt\u00f3ry zna miejsce przechowywania \u015bwi\u0119tego Graala.", "rating": 7.712616, "studio": "USA", "title": "Indiana Jones i ostatnia krucjata (1989)", "trailer": "", "url": "http://www.cda.pl/video/553612ec", "year": "1989" }, 
		{ "_filmweb": "33392", "code": "720p", "duration": 7320.0, "genre": "Przygodowy", "img": "http://1.fwcdn.pl/po/33/92/33392/7189101.3.jpg", "plot": "Usuni\u0119ty z uniwersytetu Indiana spotyka m\u0142odego ch\u0142opaka, kt\u00f3ry proponuje, \u017ce za pomoc w prywatnej sprawie naprowadzi profesora na \u015blad Kryszta\u0142owej Czaszki.", "rating": 6.6211104, "studio": "USA", "title": "Indiana Jones i Kr\u00f3lestwo Kryszta\u0142owej Czaszki (2008)", "trailer": "", "url": "http://www.cda.pl/video/497820f0", "year": "2008" }
	],
	"Szybcy i Wściekli (7)" :
	[ 
		{ "_filmweb": "678251", "code": "1080p", "dirtytitle": "Szybcy i w\u015bciekli 7 (2015) Lektor PL", "duration": 8400.0, "genre": "Akcja", "img": "http://1.fwcdn.pl/po/82/51/678251/7673836.3.jpg", "label": " [COLOR green] lektor pl [/COLOR]", "plot": "Toretto i jego ekipa mierz\u0105 si\u0119 z pa\u0142aj\u0105cym \u017c\u0105dz\u0105 krwi najemnikiem Deckardem Shawem.", "rating": 7.34334, "studio": "Japonia, USA", "title": "Szybcy i w\u015bciekli 7 (2015)", "trailer": "http://mm.filmweb.pl/678251/szybcy_i_wsciekli_7___drugi_zwiastun.720p.mp4", "url": "http://www.cda.pl/video/247145c9", "year": "2015" }, 
		{ "_filmweb": "617373", "code": "1080p", "dirtytitle": "Szybcy i w\u015bciekli 6 (2013), Lektor PL", "duration": 7800.0, "genre": "Akcja", "img": "http://1.fwcdn.pl/po/73/73/617373/7544083.3.jpg", "label": " [COLOR green] lektor pl [/COLOR]", "plot": "Grupa \u015bwietnie wyszkolonych kierowc\u00f3w porywa transport wojskowej broni.\u00a0W zamian\u00a0za ca\u0142kowit\u0105 abolicj\u0119 Dom z przyjaci\u00f3\u0142mi zgadzaj\u0105 si\u0119 pom\u00f3c agentowi Hobbsowi przy powstrzymaniu najemnik\u00f3w.", "rating": 7.3822145, "studio": "USA", "title": "Szybcy i w\u015bciekli 6 (2013)", "trailer": "http://mm.filmweb.pl/617373/szybcy_i_wsciekli_6_trl_e_1080p.720p.mp4", "url": "http://www.cda.pl/video/237827b3", "year": "2013" }, 
		{ "_filmweb": "560189", "code": "1080p", "dirtytitle": "Szybcy i w\u015bciekli 5 (2011) Lektor PL", "duration": 7800.0, "genre": "Akcja", "img": "http://1.fwcdn.pl/po/01/89/560189/7369963.3.jpg", "label": " [COLOR green] lektor pl [/COLOR]", "plot": "Grupa kierowc\u00f3w nara\u017ca si\u0119 niebezpiecznemu gangsterowi, organizuje ryzykowny napad i musi wymkn\u0105\u0107 si\u0119 \u015bcigaj\u0105cemu ich nieust\u0119pliwemu agentowi.", "rating": 7.48407, "studio": "USA", "title": "Szybcy i w\u015bciekli 5 (2011)", "trailer": "http://mm.filmweb.pl/560189/ff5_iPhone.mp4", "url": "http://www.cda.pl/video/1990102e", "year": "2011" }, 
		{ "_filmweb": "461504", "code": "1080p", "dirtytitle": "Szybko i w\u015bciekle (2009), Lektor PL", "duration": 6420.0, "genre": "Akcja", "img": "http://1.fwcdn.pl/po/15/04/461504/7246352.3.jpg", "label": " [COLOR green] lektor pl [/COLOR]", "plot": "Przest\u0119pca oraz tropi\u0105cy go agent \u0142\u0105cz\u0105 swoje si\u0142y i przenikaj\u0105 do narkotykowego gangu, by dopa\u015b\u0107 jego przyw\u00f3dc\u0119.", "rating": 7.38572, "studio": "USA", "title": "Szybko i w\u015bciekle (2009)", "trailer": "http://mm.filmweb.pl/461504/ff4_trailer_a_online_break_poland_1280x720.720p.mp4", "url": "http://www.cda.pl/video/237699e1", "year": "2009" }, 
		{ "_filmweb": "34922", "code": "1080p", "dirtytitle": "Za szybcy, za w\u015bciekli (2003), Lektor PL", "duration": 6420.0, "genre": "Akcja", "img": "http://1.fwcdn.pl/po/49/22/34922/7145660.3.jpg", "label": " [COLOR green] lektor pl [/COLOR]", "plot": "Jedyn\u0105 szans\u0105 na schwytanie pior\u0105cego brudne pieni\u0105dze biznesmena jest infiltracja \u015brodowiska nielegalnych wy\u015bcig\u00f3w samochodowych. Zadania podejmuje si\u0119 by\u0142y policjant.", "rating": 7.278426, "studio": "Niemcy, USA", "title": "Za szybcy, za w\u015bciekli (2003)", "trailer": "http://mm.filmweb.pl/34922/2_fast_2_furious__2003____trailer__hd1080p_.720p.mp4", "url": "http://www.cda.pl/video/23763061", "year": "2003" }, 
		{ "_filmweb": "30588", "code": "1080p", "dirtytitle": "Szybcy i w\u015bciekli (2001) Lektor PL", "duration": 6360.0, "genre": "Akcja", "img": "http://1.fwcdn.pl/po/05/88/30588/7145648.3.jpg", "label": " [COLOR green] lektor pl [/COLOR]", "plot": "Policjant przenika do grupy organizuj\u0105cej nielegalne wy\u015bcigi samochodowe. Sytuacja komplikuje si\u0119, gdy poznaje bli\u017cej siostr\u0119 lidera przest\u0119pc\u00f3w.", "rating": 7.473377, "studio": "Niemcy, USA", "title": "Szybcy i w\u015bciekli (2001)", "trailer": "http://mm.filmweb.pl/30588/fstfurious_trlr2_t1.iphone.mp4", "url": "http://www.cda.pl/video/237629a9", "year": "2001" }, 
		{ "_filmweb": "119215", "code": "1080p", "dirtytitle": "Szybcy i w\u015bciekli: Tokio Drift (2006), Lektor PL", "duration": 6240.0, "genre": "Akcja", "img": "http://1.fwcdn.pl/po/92/15/119215/7521386.3.jpg", "label": " [COLOR green] lektor pl [/COLOR]", "plot": "Pasjonat nielegalnych wy\u015bcig\u00f3w samochodowych ucieka przed wi\u0119zieniem do Tokio. Ale tutaj te\u017c organizowane s\u0105 niebezpieczne rajdy.", "rating": 7.14377, "studio": "USA", "title": "Szybcy i w\u015bciekli: Tokio Drift (2006)", "trailer": "http://mm.filmweb.pl/119215/the_fast_and_the_furious_tokyo_drift_trailer.iphone.mp4", "url": "http://www.cda.pl/video/237698d6", "year": "2006" }
	],
	"Faceci w czerni (3)":
	[ 
		 { "_filmweb": "5507", "code": "720p", "duration": 5880.0, "genre": "Komedia,Sci-Fi", "img": "http://1.fwcdn.pl/po/55/07/5507/6949997.3.jpg", "plot": "Nowojorski policjant zostaje wcielony do tajnych s\u0142u\u017cb zajmuj\u0105cych si\u0119 tropieniem kosmit\u00f3w zamieszkuj\u0105cych Ziemi\u0119.", "rating": 7.1175904, "studio": "USA", "title": "Faceci w czerni (1997)", "trailer": "http://mm.filmweb.pl/5507/men_in_black__1997____trailer.720p.mp4", "url": "http://www.cda.pl/video/24581961", "year": "1997" }, 
		 { "_filmweb": "7664", "code": "720p", "duration": 5280.0, "genre": "Komedia,Sci-Fi", "img": "http://1.fwcdn.pl/po/76/64/7664/7535968.3.jpg", "plot": "Agent J przywraca by\u0142emu partnerowi pami\u0119\u0107, by ten pom\u00f3g\u0142 mu powstrzyma\u0107 naje\u017ad\u017ac\u0119 z kosmosu.", "rating": 6.7633452, "studio": "USA", "title": "Faceci w czerni II (2002)", "trailer": "http://mm.filmweb.pl/7664/men_in_black_ii___trailer.720p.mp4", "url": "http://www.cda.pl/video/2458254f", "year": "2002" }, 
		 { "_filmweb": "506891", "code": "720p", "duration": 6360.0, "genre": "Komedia,Sci-Fi", "img": "http://1.fwcdn.pl/po/68/91/506891/7459285.3.jpg", "plot": "Agenci MIB zmierz\u0105 si\u0119 z kosmitami w niezwyk\u0142ym \u015bledztwie pokonuj\u0105cym bariery nie tylko przestrzeni, ale i czasu.", "rating": 6.79156, "studio": "USA", "title": "Faceci w czerni 3 (2012)", "trailer": "http://mm.filmweb.pl/506891/mib3imax_plsub.720p.mp4", "url": "http://www.cda.pl/video/24590106", "year": "2012" }
	],
	"James Bond (24)":
	[ 
		 { "_filmweb": "816", "code": "1080p", "dirtytitle": "01. 007 James Bond - Dr. No (1962) - Lektor pl ", "duration": 6600.0, "filmweb_": "816", "genre": "Sensacyjny", "img": "http://1.fwcdn.pl/po/08/16/816/7119411.3.jpg", "label": " [COLOR green] lektor pl [/COLOR]", "new": "", "plot": "Agent 007 wyrusza na Jamajk\u0119, aby wyja\u015bni\u0107 morderstwo jednego z agent\u00f3w brytyjskiego wywiadu. Trafia do siedziby tajemniczego doktora No, naukowego geniusza, kt\u00f3ry zamierza zniszczy\u0107 program kosmiczny USA.", "rating": 7.31988, "studio": "Wielka Brytania", "title": "Doktor No (1962)", "trailer": "http://mm.filmweb.pl/816/007__1__dr__no___official_trailer__1962_.iphone.mp4", "url": "http://www.cda.pl/video/247887af", "year": "1962" }, 
		 { "_filmweb": "815", "code": "1080p", "dirtytitle": "02. 007 James Bond - Pozdrowienia z Rosji (1963) - Lektor pl ", "duration": 6900.0, "filmweb_": "815", "genre": "Sensacyjny", "img": "http://1.fwcdn.pl/po/08/15/815/7527815.3.jpg", "label": " [COLOR green] lektor pl [/COLOR]", "new": "", "plot": "Agent 007 musi powstrzyma\u0107 organizacj\u0119 WIDMO, kt\u00f3ra chce przej\u0105\u0107 kontrol\u0119 nad Lektorem - radzieck\u0105 maszyn\u0105 dekoduj\u0105c\u0105 wszelkie szyfry.", "rating": 7.3147674, "studio": "Wielka Brytania", "title": "Pozdrowienia z Rosji (1963)", "trailer": "http://mm.filmweb.pl/815/from_russia_with_love_trailer_hd.720p.mp4", "url": "http://www.cda.pl/video/247893b3", "year": "1963" }, 
		 { "_filmweb": "814", "code": "1080p", "dirtytitle": "03. 007 James Bond - Goldfinger (1964) - Lektor pl ", "duration": 6600.0, "filmweb_": "814", "genre": "Sensacyjny", "img": "http://1.fwcdn.pl/po/08/14/814/7517907.3.jpg", "label": " [COLOR green] lektor pl [/COLOR]", "new": "", "plot": "Agent 007 mierzy si\u0119 z multimilionerem Aurikiem Goldfingerem, kt\u00f3ry chce obrabowa\u0107 Fort Knox.", "rating": 7.41834, "studio": "Wielka Brytania", "title": "Goldfinger (1964)", "trailer": "http://mm.filmweb.pl/814/goldfinger_trailer_hd.720p.mp4", "url": "http://www.cda.pl/video/24794617", "year": "1964" }, 
		 { "_filmweb": "813", "code": "1080p", "dirtytitle": "04. 007 James Bond - Operacja Piorun (1965) - Lektor pl ", "duration": 7800.0, "filmweb_": "813", "genre": "Sensacyjny", "img": "http://1.fwcdn.pl/po/08/13/813/7119416.3.jpg", "label": " [COLOR green] lektor pl [/COLOR]", "new": "", "plot": "Agent 007 musi udaremni\u0107 atak nuklearny. W jego r\u0119kach le\u017cy \u017cycie milion\u00f3w ludzi.", "rating": 7.18602, "studio": "Wielka Brytania", "title": "Operacja Piorun (1965)", "trailer": "http://mm.filmweb.pl/813/007__4__thunderball___official_trailer__1965_.iphone.mp4", "url": "http://www.cda.pl/video/248171ae", "year": "1965" }, 
		 { "_filmweb": "812", "code": "1080p", "dirtytitle": "05. 007 James Bond - \u017byje si\u0119 tylko dwa razy (1967) - Lektor pl ", "duration": 7020.0, "filmweb_": "812", "genre": "Sensacyjny", "img": "http://1.fwcdn.pl/po/08/12/812/7517910.3.jpg", "label": " [COLOR green] lektor pl [/COLOR]", "new": "", "plot": "Agent 007 musi zbada\u0107, kto jest odpowiedzialny za tajemnicze znikni\u0119cia kapsu\u0142 kosmicznych, aby zapobiec wybuchowi III wojny \u015bwiatowej.", "rating": 7.2524524, "studio": "Wielka Brytania", "title": "\u017byje si\u0119 tylko dwa razy (1967)", "trailer": "http://mm.filmweb.pl/812/007__5__you_only_live_twice___official_trailer__1967_.iphone.mp4", "url": "http://www.cda.pl/video/248183a3", "year": "1967" }, 
		 { "_filmweb": "811", "code": "1080p", "dirtytitle": "06. 007 James Bond - W tajnej s\u0142u\u017cbie Jej Kr\u00f3lewskiej Mo\u015bci (1969) - Lektor pl ", "duration": 8160.0, "filmweb_": "811", "genre": "Sensacyjny", "img": "http://1.fwcdn.pl/po/08/11/811/7527817.3.jpg", "label": " [COLOR green] lektor pl [/COLOR]", "new": "", "plot": "Portugalia. Agent 007 ratuje c\u00f3rk\u0119 bossa pot\u0119\u017cnego syndykatu przest\u0119pczego, kt\u00f3ry ma informacje dotycz\u0105ce lokalizacji szefa organizacji WIDMO - Blofelda.", "rating": 6.47887, "studio": "Wielka Brytania", "title": "W tajnej s\u0142u\u017cbie Jej Kr\u00f3lewskiej Mo\u015bci (1969)", "trailer": "http://mm.filmweb.pl/811/007__6__on_her_majesty_s_secret_service___official_trailer__1969_.iphone.mp4", "url": "http://www.cda.pl/video/24820820", "year": "1969" }, 
		 { "_filmweb": "810", "code": "1080p", "dirtytitle": "07. 007 James Bond - Diamenty s\u0105 wieczne (1971) - Lektor pl ", "duration": 7200.0, "filmweb_": "810", "genre": "Sensacyjny", "img": "http://1.fwcdn.pl/po/08/10/810/7517904.3.jpg", "label": " [COLOR green] lektor pl [/COLOR]", "new": "", "plot": "Agent 007 musi zaj\u0105\u0107 si\u0119 spraw\u0105 przemytu du\u017cych ilo\u015bci diament\u00f3w.", "rating": 7.241575, "studio": "Wielka Brytania", "title": "Diamenty s\u0105 wieczne (1971)", "trailer": "http://mm.filmweb.pl/810/007__7__diamonds_are_forever___official_trailer__1971_.iphone.mp4", "url": "http://www.cda.pl/video/248281a2", "year": "1971" }, 
		 { "_filmweb": "809", "code": "1080p", "dirtytitle": "08. 007 James Bond - \u017byj i pozw\u00f3l umrze\u0107 (1973) - Lektor pl ", "duration": 7260.0, "filmweb_": "809", "genre": "Sensacyjny", "img": "http://1.fwcdn.pl/po/08/09/809/7527816.3.jpg", "label": " [COLOR green] lektor pl [/COLOR]", "new": "", "plot": "Agent 007 musi zmierzy\u0107 si\u0119 z niezwyk\u0142ymi mocami wyznawc\u00f3w voodoo.", "rating": 7.19329, "studio": "Wielka Brytania", "title": "\u017byj i pozw\u00f3l umrze\u0107 (1973)", "trailer": "http://mm.filmweb.pl/809/_trailer__james_bond___live_and_let_die__1973_.720p.mp4", "url": "http://www.cda.pl/video/24830352", "year": "1973" }, 
		 { "_filmweb": "808", "code": "1080p", "dirtytitle": "09. 007 James Bond - Cz\u0142owiek ze z\u0142otym pistoletem (1974) - Lektor pl ", "duration": 7500.0, "filmweb_": "808", "genre": "Sensacyjny", "img": "http://1.fwcdn.pl/po/08/08/808/7119425.3.jpg", "label": " [COLOR green] lektor pl [/COLOR]", "new": "", "plot": "Francisco Scaramanga wysy\u0142a do MI6 z\u0142oty pocisk z wygrawerowanym napisem 007. W ten spos\u00f3b rzuca wyzwanie Jamesowi Bondowi.", "rating": 7.26108, "studio": "Wielka Brytania", "title": "Cz\u0142owiek ze z\u0142otym pistoletem (1974)", "trailer": "http://mm.filmweb.pl/808/_trailer__james_bond___the_man_with_the_golden_gun__1974_.720p.mp4", "url": "http://www.cda.pl/video/24836439", "year": "1974" }, 
		 { "_filmweb": "807", "code": "1080p", "dirtytitle": "10. 007 James Bond - Szpieg, kt\u00f3ry mnie kocha\u0142 (1977) - Lektor pl ", "duration": 7500.0, "filmweb_": "807", "genre": "Sensacyjny", "img": "http://1.fwcdn.pl/po/08/07/807/7518089.3.jpg", "label": " [COLOR green] lektor pl [/COLOR]", "new": "", "plot": "James Bond bada spraw\u0119 tajemniczych zagini\u0119\u0107 okr\u0119t\u00f3w podwodnych, kt\u00f3re posiadaj\u0105 na pok\u0142adzie pociski atomowe.", "rating": 7.2416778, "studio": "Wielka Brytania", "title": "Szpieg, kt\u00f3ry mnie kocha\u0142 (1977)", "trailer": "http://mm.filmweb.pl/807/_trailer__james_bond___the_spy_who_loved_me__1977_.720p.mp4", "url": "http://www.cda.pl/video/24850349", "year": "1977" }, 
		 { "_filmweb": "806", "code": "1080p", "dirtytitle": "11. 007 James Bond - Moonraker (1979) -Lektor pl ", "duration": 7560.0, "filmweb_": "806", "genre": "Sensacyjny", "img": "http://1.fwcdn.pl/po/08/06/806/7517905.3.jpg", "label": " [COLOR green] lektor pl [/COLOR]", "new": "", "plot": "Agent 007 leci w kosmos, aby zapobiec unicestwieniu rasy ludzkiej.", "rating": 6.97384, "studio": "Francja, Wielka Brytania", "title": "Moonraker (1979)", "trailer": "http://mm.filmweb.pl/806/moonraker___trailer_nr_1.720p.mp4", "url": "http://www.cda.pl/video/248506eb", "year": "1979" }, 
		 { "_filmweb": "805", "code": "1080p", "dirtytitle": "12. 007 James Bond - Tylko dla twoich oczu (1981) - Lektor pl ", "duration": 7620.0, "filmweb_": "805", "genre": "Sensacyjny", "img": "http://1.fwcdn.pl/po/08/05/805/7518088.3.jpg", "label": " [COLOR green] lektor pl [/COLOR]", "new": "", "plot": "Agent 007 musi odnale\u017a\u0107 sprz\u0119t umo\u017cliwiaj\u0105cy kontrol\u0119 nad atomowymi okr\u0119tami podwodnymi.", "rating": 7.19084, "studio": "Wielka Brytania", "title": "Tylko dla twoich oczu (1981)", "trailer": "http://mm.filmweb.pl/805/for_your_eyes_only___trailer_nr_1.720p.mp4", "url": "http://www.cda.pl/video/24851095", "year": "1981" }, 
		 { "_filmweb": "800", "code": "1080p", "dirtytitle": "13. 007 James Bond - O\u015bmiorniczka (1983) - Lektor pl ", "duration": 7860.0, "filmweb_": "800", "genre": "Sensacyjny", "img": "http://1.fwcdn.pl/po/08/00/800/7527818.3.jpg", "label": " [COLOR green] lektor pl [/COLOR]", "new": "", "plot": "James Bond poszukuje zab\u00f3jcy agenta 009. \u015aledztwo prowadzi go na Kub\u0119, do Niemiec i Indii.", "rating": 7.17267, "studio": "USA, Wielka Brytania", "title": "O\u015bmiorniczka (1983)", "trailer": "http://mm.filmweb.pl/800/octopussy___trailer_nr_1.720p.mp4", "url": "http://www.cda.pl/video/24852253", "year": "1983" }, 
		 { "_filmweb": "803", "code": "1080p", "dirtytitle": "14. 007 James Bond - Zab\u00f3jczy widok (1985) - Lektor pl ", "duration": 7860.0, "filmweb_": "803", "genre": "Sensacyjny", "img": "http://1.fwcdn.pl/po/08/03/803/7521218.3.jpg", "label": " [COLOR green] lektor pl [/COLOR]", "new": "", "plot": "Agent 007 musi zmierzy\u0107 si\u0119 z Maxem Zorinem - efektem nazistowskich eksperyment\u00f3w genetycznych.", "rating": 7.22131, "studio": "USA, Wielka Brytania", "title": "Zab\u00f3jczy widok (1985)", "trailer": "http://mm.filmweb.pl/803/a_view_to_a_kill___trailer_nr_1.720p.mp4", "url": "http://www.cda.pl/video/24858448", "year": "1985" }, 
		 { "_filmweb": "802", "code": "1080p", "dirtytitle": "15. 007 James Bond - W obliczu \u015bmierci (1987) - Lektor pl ", "duration": 7800.0, "filmweb_": "802", "genre": "Sensacyjny", "img": "http://1.fwcdn.pl/po/08/02/802/7527819.3.jpg", "label": " [COLOR green] lektor pl [/COLOR]", "new": "", "plot": "Agent 007 jedzie do Bratys\u0142awy celem ochrony genera\u0142a KGB.", "rating": 6.985666, "studio": "Wielka Brytania", "title": "W obliczu \u015bmierci (1987)", "trailer": "http://mm.filmweb.pl/802/the_living_daylights___trailer_nr_1.720p.mp4", "url": "http://www.cda.pl/video/248675c6", "year": "1987" }, 
		 { "_filmweb": "801", "code": "1080p", "dirtytitle": "16. 007 James Bond - Licencja na zabijanie (1989) - Lektor pl ", "duration": 7980.0, "filmweb_": "801", "genre": "Sensacyjny", "img": "http://1.fwcdn.pl/po/08/01/801/7518085.3.jpg", "label": " [COLOR green] lektor pl [/COLOR]", "new": "", "plot": "Przyjaciel Jamesa Bonda zostaje porwany i powa\u017cnie zraniony. Agent poprzysi\u0119ga zemst\u0119, zrywaj\u0105c z dotychczasow\u0105 rol\u0105.", "rating": 7.00239, "studio": "USA, Wielka Brytania", "title": "Licencja na zabijanie (1989)", "trailer": "http://mm.filmweb.pl/801/007__licence_to_kill__1989__hd_trailer_1.720p.mp4", "url": "http://www.cda.pl/video/248831d7", "year": "1989" }, 
		 { "_filmweb": "799", "code": "1080p", "dirtytitle": "17. 007 James Bond - GoldenEye (1995) - Lektor pl ", "duration": 7800.0, "filmweb_": "799", "genre": "Sensacyjny", "img": "http://1.fwcdn.pl/po/07/99/799/7518095.3.jpg", "label": " [COLOR green] lektor pl [/COLOR]", "new": "", "plot": "Natalya jest \u015bwiadkiem kradzie\u017cy GoldenEye, kt\u00f3re kontroluje satelity. Agent 007 ma za zadanie odzyska\u0107 urz\u0105dzenie.", "rating": 7.158963, "studio": "USA, Wielka Brytania", "title": "GoldenEye (1995)", "trailer": "http://mm.filmweb.pl/799/james_bond_007__golden_eye__1995____official_trailer.iphone.mp4", "url": "http://www.cda.pl/video/24884132", "year": "1995" }, 
		 { "_filmweb": "76", "code": "720p", "dirtytitle": "18. 007 James Bond - Jutro nie umiera nigdy (1997) - Lektor pl ", "duration": 7140.0, "filmweb_": "76", "genre": "Sensacyjny", "img": "http://1.fwcdn.pl/po/00/76/76/7518094.3.jpg", "label": " [COLOR green] lektor pl [/COLOR]", "new": "", "plot": "Kto\u015b podburza stosunki pomi\u0119dzy\u00a0najpot\u0119\u017cniejszymi\u00a0pa\u0144stwami w celu wywo\u0142ania kolejnej wojny \u015bwiatowej. James Bond musi odnale\u017a\u0107 z\u0142oczy\u0144c\u0119 i\u00a0udaremni\u0107\u00a0jego plany.", "rating": 7.057432, "studio": "USA, Wielka Brytania", "title": "Jutro nie umiera nigdy (1997)", "trailer": "http://mm.filmweb.pl/76/tomorrow_never_dies_trailer_hd__1997_.720p.mp4", "url": "http://www.cda.pl/video/24888694", "year": "1997" }, 
		 { "_filmweb": "798", "code": "1080p", "dirtytitle": "19. 007 James Bond - \u015awiat to za ma\u0142o (1999) - Lektor pl ", "duration": 7680.0, "filmweb_": "798", "genre": "Sensacyjny", "img": "http://1.fwcdn.pl/po/07/98/798/7518093.3.jpg", "label": " [COLOR green] lektor pl [/COLOR]", "new": "", "plot": "M wysy\u0142a Bonda do Azerbejd\u017canu, by chroni\u0142 spadkobierczyni\u0119 maj\u0105tku Sir Roberta - Elektr\u0119 King.", "rating": 7.06384, "studio": "USA, Wielka Brytania", "title": "\u015awiat to za ma\u0142o (1999)", "trailer": "http://mm.filmweb.pl/798/the_world_is_not_enough_trailer_hd__1999_.720p.mp4", "url": "http://www.cda.pl/video/248919b5", "year": "1999" }, 
		 { "_filmweb": "32237", "code": "1080p", "dirtytitle": "20. 007 James Bond - \u015amier\u0107 nadejdzie jutro (2002) - Lektor pl ", "duration": 7980.0, "filmweb_": "32237", "genre": "Sensacyjny", "img": "http://1.fwcdn.pl/po/22/37/32237/7527814.3.jpg", "label": " [COLOR green] lektor pl [/COLOR]", "new": "", "plot": "Agent 007 musi odzyska\u0107 zaufanie prze\u0142o\u017conych i odnale\u017a\u0107 zdrajc\u0119 w szeregach MI6.", "rating": 6.860544, "studio": "USA, Wielka Brytania", "title": "\u015amier\u0107 nadejdzie jutro (2002)", "trailer": "http://mm.filmweb.pl/32237/007_die_another_day__2002__trailer.iphone.mp4", "url": "http://www.cda.pl/video/24926970", "year": "2002" }, 
		 { "_filmweb": "107642", "code": "1080p", "dirtytitle": "21. 007 James Bond - Casino Royale (2006) - Lektor pl ", "duration": 8640.0, "filmweb_": "107642", "genre": "Sensacyjny", "img": "http://1.fwcdn.pl/po/76/42/107642/7430162.3.jpg", "label": " [COLOR green] lektor pl [/COLOR]", "new": "", "plot": "Agent specjalny James Bond dostaje pierwsze wa\u017cne zadanie, w kt\u00f3rym pom\u00f3c ma mu pi\u0119kna Vesper Lynd. Jego przeciwnikiem jest demoniczny Le Chiffre.", "rating": 7.46392, "studio": "Czechy, Niemcy, USA, Wielka Brytania, Bahamy", "title": "Casino Royale (2006)", "trailer": "http://mm.filmweb.pl/107642/cr60.iphone.mp4", "url": "http://www.cda.pl/video/249277d4", "year": "2006" }, 
		 { "_filmweb": "349210", "code": "1080p", "dirtytitle": "22. 007 James Bond - Quantum of Solace (2008) - Lektor pl ", "duration": 6360.0, "filmweb_": "349210", "genre": "Sensacyjny", "img": "http://1.fwcdn.pl/po/92/10/349210/7213406.3.jpg", "label": " [COLOR green] lektor pl [/COLOR]", "new": "", "plot": "James Bond odkrywa, \u017ce organizacja, z kt\u00f3r\u0105 walczy\u0142, jest bardziej niebezpieczna, ni\u017c my\u015bla\u0142. \u015alad prowadzi do bezlitosnego biznesmena Dominica Greene'a.", "rating": 6.76885, "studio": "USA, Wielka Brytania", "title": "007 Quantum of Solace (2008)", "trailer": "http://mm.filmweb.pl/349210/quantum_of_solace_trailer_nr2_polski.720p.mp4", "url": "http://www.cda.pl/video/24930556", "year": "2008" }, 
		 { "_filmweb": "451244", "code": "1080p", "dirtytitle": "23. 007 James Bond - Skyfall (2012) - Lektor pl ", "duration": 8580.0, "filmweb_": "451244", "genre": "Sensacyjny", "img": "http://1.fwcdn.pl/po/12/44/451244/7494882.3.jpg", "label": " [COLOR green] lektor pl [/COLOR]", "new": "", "plot": "Lojalno\u015b\u0107 agenta 007 wobec M zostanie wystawiona na pr\u00f3b\u0119, kiedy z siedziby MI6 zniknie wa\u017cny dysk z danymi. James Bond b\u0119dzie musia\u0142 wytropi\u0107 i z\u0142apa\u0107 tajemniczego przest\u0119pc\u0119.", "rating": 7.3865647, "studio": "USA, Wielka Brytania", "title": "Skyfall (2012)", "trailer": "http://mm.filmweb.pl/451244/skyfall___drugi_zwiastun_pl.720p.mp4", "url": "http://www.cda.pl/video/24946065", "year": "2012" }, 
		 { "_filmweb": "654406", "code": "720p", "dirtytitle": "Spectre (2015) Lektor PL ", "duration": 8880.0, "filmweb_": "654406", "genre": "Sensacyjny", "img": "http://1.fwcdn.pl/po/44/06/654406/7722581.3.jpg", "label": " [COLOR green] lektor pl [/COLOR]", "new": "", "plot": "James Bond stara si\u0119 odkry\u0107 prawd\u0119 dotycz\u0105c\u0105 z\u0142owrogiej organizacji SPECTRE. Kluczem do tego jest tajemnicza obr\u0105czka.", "rating": 6.72672, "studio": "USA, Wielka Brytania", "title": "Spectre (2015)", "trailer": "http://mm.filmweb.pl/654406/spectre___polski_zwiastun.720p.mp4", "url": "http://www.cda.pl/video/574844c4", "year": "2015" }
	],	
	"Gwiezdne wojny (6)":
	[ 
		{ "_filmweb": "475754", "code": "1080p", "duration": 5880.0, "genre": "Animacja,Przygodowy,Sci-Fi", "img": "http://1.fwcdn.pl/po/57/54/475754/7200547.3.jpg", "new": "", "plot": "Syn Jabby Hutta zostaje porwany. Aby zapobiec przy\u0142\u0105czeniu si\u0119 gangstera do separatyst\u00f3w, w\u0142adze Republiki wysy\u0142aj\u0105 Anakina Skywalkera i jego nowego ucznia z misj\u0105 ratunkow\u0105.", "rating": 6.813991, "studio": "Singapur, USA", "title": "Gwiezdne wojny: Wojny klon\u00f3w (2008)", "trailer": "http://mm.filmweb.pl/475754/starwarsclonewars_tlr3_1080p.720p.mp4", "url": "http://www.cda.pl/video/556519c2", "year": "2008" }, 
		{ "_filmweb": "520", "code": "720p", "duration": 8160.0, "genre": "Przygodowy,Sci-Fi", "img": "http://1.fwcdn.pl/po/05/20/520/7403025.3.jpg", "plot": "Dwaj rycerze Jedi wyruszaj\u0105 z misj\u0105 ocalenia planety Naboo przed inwazj\u0105 wojsk Federacji Handlowej. Trafiaj\u0105 na pustynny glob, gdzie pomo\u017ce im ma\u0142y Anakin Skywalker.", "rating": 7.30544, "studio": "USA", "title": "Gwiezdne wojny: Cz\u0119\u015b\u0107 I - Mroczne widmo (1999)", "trailer": "http://mm.filmweb.pl/520/mrocznewidmo_zwiastun_nowy_nr1.480p.mp4", "url": "http://www.cda.pl/video/539299cb", "year": "1999" }, 
		{ "_filmweb": "1465", "code": "720p", "duration": 8520.0, "genre": "Przygodowy,Sci-Fi", "img": "http://1.fwcdn.pl/po/14/65/1465/6940931.3.jpg", "plot": "Demokratyczne rz\u0105dy Republiki s\u0105 zagro\u017cone przez podst\u0119pnego hrabiego Dooku. Tymczasem Anakin Skywalker \u0142amie regu\u0142y zakonu Jedi i zakochuje si\u0119.", "rating": 7.31437, "studio": "USA", "title": "Gwiezdne wojny: Cz\u0119\u015b\u0107 II - Atak klon\u00f3w (2002)", "trailer": "http://mm.filmweb.pl/759/spot/sw_revised.720p.mp4", "url": "http://www.cda.pl/video/539301f3", "year": "2002" }, 
		{ "_filmweb": "759", "code": "1080p", "duration": 7260.0, "genre": "Przygodowy,Sci-Fi", "img": "http://1.fwcdn.pl/po/07/59/759/7301614.3.jpg", "label": " [COLOR green] lektor pl [/COLOR]", "new": "", "plot": "Z\u0142owrogie Imperium zaw\u0142adn\u0119\u0142o galaktyk\u0105. Uwi\u0119zionej przez Dartha Vadera ksi\u0119\u017cniczce Lei z nieoczekiwan\u0105 pomoc\u0105 przyjd\u0105 kosmiczny przemytnik Han Solo i m\u0142ody Luke Skywalker.", "rating": 7.964312, "studio": "USA", "title": "Gwiezdne wojny: Cz\u0119\u015b\u0107 IV - Nowa nadzieja (1977)", "trailer": "http://mm.filmweb.pl/759/spot/sw_revised.720p.mp4", "url": "http://www.cda.pl/video/227842e8", "year": "1977" }, 
		{ "_filmweb": "525", "code": "720p", "duration": 7440.0, "genre": "Przygodowy,Sci-Fi", "img": "http://1.fwcdn.pl/po/05/25/525/7371374.3.jpg", "plot": "Imperator rozkazuje swojemu uczniowi Darthowi Vaderowi odnalezienie Luke'a Skywalkera, by zmusi\u0107 go do przej\u015bcia na ciemn\u0105 stron\u0119 Mocy.", "rating": 8.14234, "studio": "USA", "title": "Gwiezdne wojny: Cz\u0119\u015b\u0107 V - Imperium kontratakuje (1980)", "trailer": "http://mm.filmweb.pl/759/spot/sw_revised.720p.mp4", "url": "http://www.cda.pl/video/539309db", "year": "1980" }, 
		{ "_filmweb": "547", "code": "1080p", "duration": 8040.0, "genre": "Przygodowy,Sci-Fi", "img": "http://1.fwcdn.pl/po/05/47/547/7583754.3.jpg", "plot": "Luke Skywalker i ksi\u0119\u017cniczka Leia wyruszaj\u0105 na ratunek porwanemu Hanowi Solo. Zbli\u017ca si\u0119 ostateczna bitwa rebeliant\u00f3w z Imperium.", "rating": 8.146636, "studio": "USA", "title": "Gwiezdne wojny: Cz\u0119\u015b\u0107 VI - Powr\u00f3t Jedi (1983)", "trailer": "http://mm.filmweb.pl/759/spot/sw_revised.720p.mp4", "url": "http://www.cda.pl/video/571105a0", "year": "1983" }
	],
	"Naga bro\u0144 (3)":
	[ 
		{ "_filmweb": "30762", "code": "720p", "duration": 5100.0, "genre": "Komedia,Sensacyjny", "img": "http://1.fwcdn.pl/po/07/62/30762/7563666.3.jpg", "plot": "Do USA przylatuje Kr\u00f3lowa El\u017cbieta II. Porucznik Frank Drebin ma za zadanie zapewni\u0107 jej bezpiecze\u0144stwo.", "rating": 7.18182, "studio": "USA", "title": "Naga bro\u0144: Z akt Wydzia\u0142u Specjalnego (1988)", "trailer": "", "url": "http://www.cda.pl/video/1945971c", "year": "1988" }, 
		{ "_filmweb": "30668", "code": "", "duration": 5100.0, "genre": "Komedia,Sensacyjny", "img": "http://1.fwcdn.pl/po/06/68/30668/7563668.3.jpg", "plot": "Frank Drebin pr\u00f3buje powstrzyma\u0107 szalonego potentata energetycznego, kt\u00f3ry planuje katastrof\u0119 ekologiczn\u0105.", "rating": 7.058318, "studio": "USA", "title": "Naga bro\u0144 2 1/2: Kto obroni prezydenta? (1991)", "trailer": "", "url": "http://www.cda.pl/video/194599b2", "year": "1991" }, 
		{ "_filmweb": "30670", "code": "720p", "duration": 4980.0, "genre": "Akcja,Komedia kryminalna", "img": "http://1.fwcdn.pl/po/06/70/30670/7563667.3.jpg", "plot": "Na uroczystej gali wr\u0119czenia Oscar\u00f3w ma doj\u015b\u0107 do katastrofy. Zapobiec jej mo\u017ce tylko porucznik Drebin.", "rating": 7.013745, "studio": "USA", "title": "Naga bro\u0144 33 1/3: Ostateczna zniewaga (1994)", "trailer": "", "url": "http://www.cda.pl/video/1946991f", "year": "1994" }
	],
	"X-men (6)":
	[ 
		{ "_filmweb": "214307", "code": "720p", "dirtytitle": "X-Men Geneza: Wolverine (2009) HD 720p PL - ca\u0142y film", "duration": 6420.0, "genre": "Akcja,Sci-Fi", "img": "http://1.fwcdn.pl/po/43/07/214307/7236694.3.jpg", "label": "[COLOR green] pl [/COLOR]", "plot": "Logan i Victor zostaj\u0105 zwerbowani przez pu\u0142kownika Strykera do wykonywania niecodziennych misji. Wolverine, widz\u0105c okrucie\u0144stwo, jakiego dopuszczaj\u0105 si\u0119 pozostali najemnicy, odchodzi z jednostki.", "rating": 7.29966, "studio": "USA", "title": "X-Men Geneza: Wolverine (2009)", "trailer": "http://mm.filmweb.pl/214307/wolverine_clip_1080p.720p.mp4", "url": "http://www.cda.pl/video/199712d1", "year": "2009" }, 
		{ "_filmweb": "489280", "code": "720p", "dirtytitle": "X-Men: Pierwsza klasa (2011) HD 720p PL - ca\u0142y film", "duration": 7920.0, "genre": "Akcja,Sci-Fi", "img": "http://1.fwcdn.pl/po/92/80/489280/7371009.3.jpg", "label": "[COLOR green] pl [/COLOR]", "plot": "M\u0142odzi Charles Xavier i Erik Lehnsherr gromadz\u0105 elitarn\u0105 dru\u017cyn\u0119 mutant\u00f3w, znan\u0105 jako X-Meni, by zapobiec III wojnie \u015bwiatowej.", "rating": 7.33178, "studio": "USA", "title": "X-Men: Pierwsza klasa (2011)", "trailer": "http://mm.filmweb.pl/489280/xmen90_iPhone.mp4", "url": "http://www.cda.pl/video/19971411", "year": "2011" }, 
		{ "_filmweb": "106411", "code": "720p", "dirtytitle": "X-Men: Ostatni bastion (2006) HD 720p PL - ca\u0142y film", "duration": 6240.0, "genre": "Akcja,Sci-Fi", "img": "http://1.fwcdn.pl/po/64/11/106411/7529194.3.jpg", "label": "[COLOR green] pl [/COLOR]", "plot": "Trzecia cz\u0119\u015b\u0107 ekranizacji komiks\u00f3w o tytu\u0142owych mutantach. Bohaterowie staj\u0105 przed wyborem \u2013 pozosta\u0107 sob\u0105 czy skorzysta\u0107 z wynalezionego w\u0142a\u015bnie lekarstwa cofaj\u0105cego mutacj\u0119.\u00a0", "rating": 7.21299, "studio": "Kanada, USA, Wielka Brytania", "title": "X-Men: Ostatni bastion (2006)", "trailer": "", "url": "http://www.cda.pl/video/19970963", "year": "2006" }, 
		{ "_filmweb": "33393", "code": "720p", "dirtytitle": "X-Men 2 (2003) HD 720p PL - ca\u0142y film", "duration": 7980.0, "genre": "Akcja,Sci-Fi", "img": "http://1.fwcdn.pl/po/33/93/33393/7570222.3.jpg", "label": "[COLOR green] pl [/COLOR]", "plot": "Sytuacja prze\u015bladowanych przez ludzi mutant\u00f3w o nadnaturalnych zdolno\u015bciach pogarsza si\u0119, gdy jeden z nich atakuje prezydenta USA.", "rating": 7.2299643, "studio": "Kanada, USA", "title": "X-Men 2 (2003)", "trailer": "http://mm.filmweb.pl/33393/x2__x_men_united_trailer__2003_.720p.mp4", "url": "http://www.cda.pl/video/199662b9", "year": "2003" }, 
		{ "_filmweb": "969", "code": "720p", "dirtytitle": "X-Men (2000) HD 720p PL - ca\u0142y film", "duration": 6240.0, "genre": "Akcja,Sci-Fi", "img": "http://1.fwcdn.pl/po/09/69/969/7692832.3.jpg", "label": "[COLOR green] pl [/COLOR]", "plot": "Ekranizacja popularnej serii komiks\u00f3w o obdarzonych nadnaturalnymi zdolno\u015bciami mutantach. Schronienie przed prze\u015bladowaniami ze strony ludzi znajduj\u0105 w specjalnej szkole profesora Charlesa Xaviera.", "rating": 7.31786, "studio": "USA", "title": "X-Men (2000)", "trailer": "http://mm.filmweb.pl/969/x_men__2000__official_trailer.720p.mp4", "url": "http://www.cda.pl/video/19966150", "year": "2000" }, 
		{ "_filmweb": "515048", "code": "720p", "dirtytitle": "Wolverine (2013) HD 720p PL - ca\u0142y film", "duration": 7560.0, "genre": "Akcja,Sci-Fi", "img": "http://1.fwcdn.pl/po/50/48/515048/7559330.3.jpg", "label": "[COLOR green] pl [/COLOR]", "plot": "Wolverine wyrusza do Japonii, gdzie zmierzy si\u0119 ze starym wrogiem, kt\u00f3ry wp\u0142ynie na jego przysz\u0142o\u015b\u0107.", "rating": 6.6885266, "studio": "USA, Wielka Brytania", "title": "Wolverine (2013)", "trailer": "http://mm.filmweb.pl/515048/wolverine_trailer_nr1_polski.720p.mp4", "url": "http://www.cda.pl/video/199762bf", "year": "2013" }
	],
	"Planeta Małp (7)":
	[ 
		{ "_filmweb": "31561", "code": "720p", "dirtytitle": "W podziemiach Planety Ma\u0142p (1970) HD 720p PL - ca\u0142y film", "duration": 5700.0, "genre": "Przygodowy,Sci-Fi", "img": "http://1.fwcdn.pl/po/15/61/31561/7570482.3.jpg", "label": "[COLOR green] pl pl [/COLOR]", "plot": "Brent wyrusza w podr\u00f3\u017c, by odnale\u017a\u0107 komandora Taylora, kt\u00f3ry ukrywa si\u0119 z buntownikami na Planecie Ma\u0142p.", "rating": 6.1842017, "studio": "USA", "title": "W podziemiach Planety Ma\u0142p (1970)", "trailer": "", "url": "http://www.cda.pl/video/20164695", "year": "1970" }, 
		{ "_filmweb": "11310", "code": "", "dirtytitle": "Ucieczka z Planety Ma\u0142p (1971) HD 720p PL - ca\u0142y film", "duration": 5880.0, "genre": "Przygodowy,Sci-Fi", "img": "http://1.fwcdn.pl/po/13/10/11310/7571735.3.jpg", "label": "[COLOR green] pl pl [/COLOR]", "plot": "Cornelius, szympans-naukowiec, i jego ukochana buduj\u0105 statek kosmiczny z odnalezionych na Planecie Ma\u0142p szcz\u0105tk\u00f3w. Ich podr\u00f3\u017c ko\u0144czy si\u0119 we wsp\u00f3\u0142czesnym Los Angeles, gdzie trafiaj\u0105 do ogrodu zoologicznego.", "rating": 6.2381, "studio": "USA", "title": "Ucieczka z Planety Ma\u0142p (1971)", "trailer": "", "url": "http://www.cda.pl/video/2016554e", "year": "1971" }, 
		{ "_filmweb": "31562", "code": "720p", "dirtytitle": "Podb\u00f3j Planety Ma\u0142p (1972) HD 720p PL - ca\u0142y film", "duration": 5280.0, "genre": "Przygodowy,Sci-Fi", "img": "http://1.fwcdn.pl/po/15/62/31562/7383357.3.jpg", "label": "[COLOR green] pl pl [/COLOR]", "plot": "Udomowione ma\u0142py, \u017ale traktowane i poni\u017cane, zast\u0119puj\u0105 w ludzkich domach dotychczasow\u0105 s\u0142u\u017cb\u0119. Inteligentny szympans, Cezar, marz\u0105c o zem\u015bcie, sprzedaje si\u0119 na aukcji niewolnik\u00f3w, gdzie pr\u00f3buje wznieci\u0107 bunt.", "rating": 6.03385, "studio": "USA", "title": "Podb\u00f3j Planety Ma\u0142p (1972)", "trailer": "", "url": "http://www.cda.pl/video/20166200", "year": "1972" }, 
		{ "_filmweb": "8692", "code": "", "dirtytitle": "Planeta ma\u0142p (2001) HD 720p PL - ca\u0142y film", "duration": 7140.0, "genre": "Przygodowy,Sci-Fi", "img": "http://1.fwcdn.pl/po/86/92/8692/7532398.3.jpg", "label": "[COLOR green] pl pl [/COLOR]", "plot": "Astronauta trafia na planet\u0119, gdzie w\u0142adz\u0119 sprawuj\u0105 inteligentne ma\u0142py. Wkr\u00f3tce m\u0119\u017cczyzna przy\u0142\u0105cza si\u0119 do buntownik\u00f3w walcz\u0105cych o wolno\u015b\u0107.", "rating": 5.99201, "studio": "USA", "title": "Planeta ma\u0142p (2001)", "trailer": "http://mm.filmweb.pl/8692/planet_of_the_apes__2001____trailer_hd_1080p.720p.mp4", "url": "http://www.cda.pl/video/20168018", "year": "2001" }, 
		{ "_filmweb": "8691", "code": "720p", "dirtytitle": "Planeta Ma\u0142p (1968) HD 720p PL - ca\u0142y film", "duration": 6720.0, "genre": "Przygodowy,Sci-Fi", "img": "http://1.fwcdn.pl/po/86/91/8691/7456336.3.jpg", "label": "[COLOR green] pl pl [/COLOR]", "plot": "Grupa astronaut\u00f3w trafia na nieznan\u0105 planet\u0119, kt\u00f3ra przypomina Ziemi\u0119. Okazuje si\u0119, \u017ce jest ona zamieszkiwana przez inteligentne ma\u0142py.", "rating": 7.25616, "studio": "USA", "title": "Planeta Ma\u0142p (1968)", "trailer": "", "url": "http://www.cda.pl/video/20164097", "year": "1968" }, 
		{ "_filmweb": "558709", "code": "", "dirtytitle": "Geneza planety ma\u0142p (2011) HD 720p PL - ca\u0142y film", "duration": 6300.0, "genre": "Dramat,Akcja,Sci-Fi", "img": "http://1.fwcdn.pl/po/87/09/558709/7422858.3.jpg", "label": "[COLOR green] pl pl [/COLOR]", "plot": "W wyniku genetycznych eksperyment\u00f3w na \u015bwiat przychodzi wybitnie inteligentny szympans o imieniu Cezar. Jeden z naukowc\u00f3w postanawia zabra\u0107 go do domu.", "rating": 7.02324, "studio": "USA", "title": "Geneza planety ma\u0142p (2011)", "trailer": "http://mm.filmweb.pl/558709/geneza3_iPhone.mp4", "url": "http://www.cda.pl/video/2019426a", "year": "2011" }, 
		{ "_filmweb": "31563", "code": "720p", "dirtytitle": "Bitwa o Planet\u0119 Ma\u0142p (1973) HD 720p PL - ca\u0142y film", "duration": 5160.0, "genre": "Przygodowy,Sci-Fi", "img": "http://1.fwcdn.pl/po/15/63/31563/7384739.3.jpg", "label": "[COLOR green] pl pl [/COLOR]", "plot": "Aldo, goryl-genera\u0142, szykuje wojn\u0119 mi\u0119dzy ma\u0142pami a lud\u017ami. Cezar pr\u00f3buje nie dopu\u015bci\u0107 do konfliktu.", "rating": 5.76414, "studio": "USA", "title": "Bitwa o Planet\u0119 Ma\u0142p (1973)", "trailer": "", "url": "http://www.cda.pl/video/20193142", "year": "1973" }
	]
}