[
  {
    "3D": 1, 
    "_filmweb": "395846", 
    "code": "1080p", 
    "dirtytitle": "Silent Hill: Apokalipsa (2012) Lektor PL 3D (OU) HD 1080p ", 
    "duration": 5640.0, 
    "genre": "Horror", 
    "img": "http://1.fwcdn.pl/po/58/46/395846/7528129.3.jpg", 
    "label": "[COLOR green] lektor pl [/COLOR]", 
    "msg": "", 
    "new": "", 
    "plot": "Zmagaj\u0105c si\u0119 ze znikni\u0119ciem ojca, g\u0142\u00f3wna bohaterka odkrywa przera\u017caj\u0105cy sekret, kt\u00f3ry prowadzi j\u0105 w g\u0142\u0105b demonicznego \u015bwiata.", 
    "rating": 5.07762, 
    "studio": "Francja, Kanada, USA", 
    "title": "Silent Hill: Apokalipsa (2012)", 
    "trailer": "http://mm.filmweb.pl/395846/silent_hill_apokalipsa_3d___zwiastun_pl.720p.mp4", 
    "url": "http://www.cda.pl/video/4978782c", 
    "year": "2012"
  }, 
  {
    "3D": 1, 
    "_filmweb": "587727", 
    "code": "1080p", 
    "duration": 5460.0, 
    "genre": "Animacja,Familijny,Komedia,Przygodowy", 
    "img": "http://1.fwcdn.pl/po/77/27/587727/7559179.3.jpg", 
    "msg": "", 
    "overlay": 6, 
    "plot": "Cierpi\u0105cy na l\u0119k wysoko\u015bci ma\u0142y samolot rolniczy marzy o wystartowaniu w najwi\u0119kszym w historii wy\u015bcigu powietrznym dooko\u0142a \u015bwiata.", 
    "rating": 6.30807, 
    "studio": "USA", 
    "title": "Samoloty (2013)", 
    "trailer": "http://mm.filmweb.pl/587727/samoloty_zwiastun2_polski.720p.mp4", 
    "url": "http://www.cda.pl/video/237924be", 
    "year": "2013"
  }, 
  {
    "3D": 1, 
    "_filmweb": "187", 
    "code": "1080p", 
    "duration": 11640.0, 
    "genre": "Melodramat,Katastroficzny", 
    "img": "http://1.fwcdn.pl/po/01/87/187/7451731.3.jpg", 
    "msg": "", 
    "overlay": 6, 
    "plot": "Rok 1912, brytyjski statek Titanic wyrusza w sw\u00f3j dziewiczy rejs do USA. Na pok\u0142adzie emigrant Jack przypadkowo spotyka arystokratk\u0119 Rose.", 
    "rating": 7.30002, 
    "studio": "USA", 
    "title": "Titanic (1997)", 
    "trailer": "http://mm.filmweb.pl/187/titanic_zwiastun_nr1_polski.480p.mp4", 
    "url": "http://www.cda.pl/video/23694817", 
    "year": "1997"
  }, 
  {
    "3D": 1, 
    "_filmweb": "463226", 
    "code": "1080p", 
    "duration": 5760.0, 
    "genre": "Animacja,Familijny,Komedia,Sci-Fi", 
    "img": "http://1.fwcdn.pl/po/32/26/463226/7350932.3.jpg", 
    "msg": "", 
    "plot": "Po unicestwieniu swojego jedynego wroga Metro Mena Megamocny tworzy jeszcze silniejszego przeciwnika, kt\u00f3ry wymyka mu si\u0119 spod kontroli.", 
    "rating": 7.14373, 
    "studio": "USA", 
    "title": "Megamocny (2010)", 
    "trailer": "http://mm.filmweb.pl/463226/mega2_iPhone.mp4", 
    "url": "http://www.cda.pl/video/1708036e", 
    "year": "2010"
  }, 
  {
    "3D": 1, 
    "_filmweb": "258739", 
    "code": "1080p", 
    "duration": 5880.0, 
    "genre": "Animacja,Familijny,Komedia,Przygodowy", 
    "img": "http://1.fwcdn.pl/po/87/39/258739/7530668.3.jpg", 
    "msg": "", 
    "plot": "Do prehistorycznego \u015bwiata przybywa geniusz z rewolucyjnym wynalazkiem, jakim jest... ogie\u0144.", 
    "rating": 7.1196446, 
    "studio": "USA", 
    "title": "Krudowie (2013)", 
    "trailer": "http://mm.filmweb.pl/258739/thecroods_intl_trailere_pol_hd24.720p.mp4", 
    "url": "http://www.cda.pl/video/19182108", 
    "year": "2013"
  }, 
  {
    "3D": 1, 
    "_filmweb": "172884", 
    "code": "1080p", 
    "duration": 6180.0, 
    "genre": "Animacja,Familijny,Komedia", 
    "img": "http://1.fwcdn.pl/po/28/84/172884/7327875.3.jpg", 
    "msg": "", 
    "plot": "Andy idzie na studia, a jego zabawki trafiaj\u0105 do przedszkola. Chudy wraz z przyjaci\u00f3\u0142mi robi wszystko, by si\u0119 stamt\u0105d wydosta\u0107 i wr\u00f3ci\u0107 do domu.", 
    "rating": 7.19279, 
    "studio": "USA", 
    "title": "Toy Story 3 (2010)", 
    "trailer": "", 
    "url": "http://www.cda.pl/video/177359b7", 
    "year": "2010"
  }, 
  {
    "3D": 1, 
    "_filmweb": "680395", 
    "code": "1080p", 
    "duration": 4560.0, 
    "genre": "Animacja,Familijny,Komedia", 
    "img": "http://1.fwcdn.pl/po/03/95/680395/7528302.3.jpg", 
    "msg": "", 
    "plot": "Topper - m\u0142ody optymista z \u017cyw\u0105 wyobra\u017ani\u0105 pa\u0142a uczuciem do Cilli, ale ona uwa\u017ca go za wariata. Wszystko zmienia si\u0119, gdy ch\u0142opiec rysuje nosoro\u017cca, kt\u00f3ry o\u017cywa.", 
    "rating": 4.90816, 
    "studio": "Dania", 
    "title": "Nosoro\u017cec Otto (2013)", 
    "trailer": "", 
    "url": "http://www.cda.pl/video/19279004", 
    "year": "2013"
  }, 
  {
    "3D": 1, 
    "_filmweb": "123310", 
    "code": "1080p", 
    "duration": 5760.0, 
    "genre": "Animacja,Familijny,Komedia", 
    "img": "http://1.fwcdn.pl/po/33/10/123310/7221692.3.jpg", 
    "msg": "", 
    "plot": "Psia gwiazda, Piorun, przez przypadek trafia do Nowego Jorku, gdzie przekonuje si\u0119, \u017ce nie potrzebuje magicznych mocy, by by\u0107 bohaterem.", 
    "rating": 6.73038, 
    "studio": "USA", 
    "title": "Piorun (2008)", 
    "trailer": "", 
    "url": "http://www.cda.pl/video/1790889c", 
    "year": "2008"
  }, 
  {
    "3D": 1, 
    "_filmweb": "563992", 
    "code": "1080p", 
    "duration": 5460.0, 
    "genre": "Animacja,Familijny,Komedia", 
    "img": "http://1.fwcdn.pl/po/39/92/563992/7585363.3.jpg", 
    "msg": "", 
    "plot": "Dwa indyki, Franek i Olo, przenosz\u0105 si\u0119 w czasie do pierwszego \u015awi\u0119ta Dzi\u0119kczynienia, by usun\u0105\u0107 swoich pobratymc\u00f3w z ludzkiego menu.", 
    "rating": 6.18732, 
    "studio": "USA", 
    "title": "Skubani (2013)", 
    "trailer": "http://mm.filmweb.pl/563992/skubani_tlr_pl_xx_20131104.720p.mp4", 
    "url": "http://www.cda.pl/video/235924fb", 
    "year": "2013"
  }
]