[
  {
    "_filmweb": "796700", 
    "code": "1080p", 
    "dirtytitle": "Bullet Head Full HD (2017) Lektor PL | Majtek2", 
    "duration": 5580.0, 
    "genre": "Krymina\u0142", 
    "img": "http://1.fwcdn.pl/po/67/00/796700/7818705.3.jpg", 
    "label": "[COLOR lightgreen] lektor pl [/COLOR]", 
    "new": "Nowo\u015b\u0107", 
    "plot": "", 
    "rating": 4.7680607, 
    "studio": "USA, Bu\u0142garia", 
    "title": "Bullet Head (2017)", 
    "trailer": "http://mm.filmweb.pl/796700/bullet_head_trailer__1_2017_official_hd_movie_trailers.720p.mp4", 
    "url": "https://www.cda.pl/video/2079432a8", 
    "year": "2017"
  }, 
  {
    "_filmweb": "795081", 
    "code": "1080p", 
    "dirtytitle": "Les affam\u00e9s (2017) Lektor pl", 
    "duration": 6000.0, 
    "genre": "Horror", 
    "img": "http://1.fwcdn.pl/po/50/81/795081/7818851.3.jpg", 
    "label": "[COLOR lightgreen] lektor pl [/COLOR]", 
    "new": "", 
    "plot": "Niewielka miejscowo\u015b\u0107 w p\u00f3\u0142nocnej cz\u0119\u015bci Quebecu zostaje zaatakowana przez zombie. Garstka ocala\u0142ych \u0142\u0105czy si\u0142y przeciwko krwio\u017cerczej hordzie.\u00a0", 
    "rating": 4.35128, 
    "studio": "Kanada", 
    "title": "Wyg\u0142odniali (2017)", 
    "trailer": "http://mm.filmweb.pl/795081/the_ravenous__2018___les_affames__official_english_trailer__hd__french_zombies.720p.mp4", 
    "url": "https://www.cda.pl/video/2049975ea", 
    "year": "2017"
  }, 
  {
    "_filmweb": "787686", 
    "code": "720p", 
    "dirtytitle": "M jak morderca / Hangman (2017) PL. SUBBED. 720p", 
    "duration": 5880.0, 
    "genre": "Krymina\u0142,Thriller", 
    "img": "http://1.fwcdn.pl/po/76/86/787686/7816451.3.jpg", 
    "label": "[COLOR lightgreen] pl [/COLOR]", 
    "new": "", 
    "plot": "Do\u015bwiadczeni policjanci dostaj\u0105 zadanie, kt\u00f3rym jest z\u0142apanie gro\u017anego seryjnego mordercy. Zostaj\u0105 wpl\u0105tani w wisielcz\u0105 gr\u0119.", 
    "rating": 5.40828, 
    "studio": "USA", 
    "title": "M jak morderca (2017)", 
    "trailer": "http://mm.filmweb.pl/787686/zwiastun_mrocznego_thrillera__m_jak_morderca_.720p.mp4", 
    "url": "https://www.cda.pl/video/202362684", 
    "year": "2017"
  }, 
  {
    "_filmweb": "787674", 
    "code": "720p", 
    "dirtytitle": "The Man Who Invented Christmas (2017) PL. SUBBED. 720p", 
    "duration": 6240.0, 
    "genre": "Biograficzny,Dramat", 
    "img": "http://1.fwcdn.pl/po/76/74/787674/7809124.3.jpg", 
    "label": "[COLOR lightgreen] pl [/COLOR]", 
    "new": "", 
    "plot": "", 
    "rating": 6.9067054, 
    "studio": "Irlandia, Kanada", 
    "title": "The Man Who Invented Christmas (2017)", 
    "trailer": "http://mm.filmweb.pl/787674/the_man_who_invented_christmas_trailer__1.720p.mp4", 
    "url": "https://www.cda.pl/video/20147974e", 
    "year": "2017"
  }, 
  {
    "_filmweb": "786678", 
    "code": "720p", 
    "dirtytitle": "The Square (2017) Lektor PL", 
    "duration": 8520.0, 
    "genre": "Komedia", 
    "img": "http://1.fwcdn.pl/po/66/78/786678/7801422.3.jpg", 
    "label": "[COLOR lightgreen] lektor pl [/COLOR]", 
    "new": "", 
    "plot": "Rozwiedziony dyrektor muzeum sztuki nowoczesnej stanie przed wielkim wyzwaniem podczas przygotowa\u0144 do premiery najnowszej instalacji artystycznej.", 
    "rating": 7.2361856, 
    "studio": "Dania, Francja, Niemcy, Szwecja", 
    "title": "The Square (2017)", 
    "trailer": "http://mm.filmweb.pl/786678/the_square_zwiastun_siec.720p.mp4", 
    "url": "https://www.cda.pl/video/20430485c", 
    "year": "2017"
  }, 
  {
    "_filmweb": "786138", 
    "code": "720p", 
    "dirtytitle": "Wyznania mordercy (2017) Lektor pl", 
    "duration": 7080.0, 
    "genre": "Thriller", 
    "img": "http://1.fwcdn.pl/po/61/38/786138/7818300.3.jpg", 
    "label": "[COLOR lightgreen] lektor pl [/COLOR]", 
    "new": "", 
    "plot": "M\u0142ody policjant Wataru Makimura bezskutecznie usi\u0142uje z\u0142apa\u0107 seryjnego morderc\u0119. Gdy sprawa zostaje zamkni\u0119ta, zab\u00f3jca wydaje ksi\u0105\u017ck\u0119, w kt\u00f3rej pisze o dokonanej przez siebie zbrodni.", 
    "rating": 6.707581, 
    "studio": "Japonia", 
    "title": "Wyznania mordercy (2017)", 
    "trailer": "http://mm.filmweb.pl/786138/wyznania_mordercy_zwiastun_hd.720p.mp4", 
    "url": "https://www.cda.pl/video/2052051af", 
    "year": "2017"
  }, 
  {
    "_filmweb": "782143", 
    "code": "720p", 
    "dirtytitle": "S. -/ Akcja,Thriller. - (2017) Lektor pl.", 
    "duration": 5640.0, 
    "genre": "Komedia", 
    "img": "http://1.fwcdn.pl/po/21/43/782143/7782666.3.jpg", 
    "label": "[COLOR lightgreen] lektor pl [/COLOR]", 
    "new": "", 
    "plot": "Mieszkaj\u0105ce pod jednym dachem - r\u00f3\u017cni\u0105ce si\u0119 jak ogie\u0144 i woda - matka oraz c\u00f3rka w tym samym momencie zachodz\u0105 w ci\u0105\u017c\u0119.", 
    "rating": 5.4227085, 
    "studio": "Francja", 
    "title": "mamy2mamy (2017)", 
    "trailer": "http://mm.filmweb.pl/782143/mamy2mamy_zwiastun_net_170306_v1_h264_hd__1_.720p.mp4", 
    "url": "https://www.cda.pl/video/202723279", 
    "year": "2017"
  }, 
  {
    "_filmweb": "775970", 
    "code": "1080p", 
    "dirtytitle": "Kszta\u0142t wody (2017)", 
    "duration": 7140.0, 
    "genre": "Fantasy", 
    "img": "http://1.fwcdn.pl/po/59/70/775970/7822510.3.jpg", 
    "label": "", 
    "new": "Nowo\u015b\u0107", 
    "plot": "Elisa Esposito pracuje jako wo\u017ana w tajnym rz\u0105dowym laboratorium. Jej \u017cycie ulega nag\u0142ej zmianie, gdy odkrywa pilnie strze\u017cony sekret.", 
    "rating": 7.5864, 
    "studio": "USA", 
    "title": "Kszta\u0142t wody (2017)", 
    "trailer": "http://mm.filmweb.pl/775970/shapeofwater_trailer_1_pl_sub_2398_h264.720p.mp4", 
    "url": "https://www.cda.pl/video/20667840a", 
    "year": "2017"
  }, 
  {
    "_filmweb": "774271", 
    "code": "1080p", 
    "dirtytitle": "Z\u0142ote Wyj\u015bcie / Golden Exits (2017)../Lektor / PL", 
    "duration": 5640.0, 
    "genre": "Dramat", 
    "img": "", 
    "label": "[COLOR lightgreen] lektor pl [/COLOR]", 
    "new": "", 
    "plot": "", 
    "rating": 5.27273, 
    "studio": "USA", 
    "title": "Z\u0142ote wyj\u015bcie (2017)", 
    "trailer": "http://mm.filmweb.pl/774271/golden_exits_trailer__1.720p.mp4", 
    "url": "https://www.cda.pl/video/203891773", 
    "year": "2017"
  }, 
  {
    "_filmweb": "769874", 
    "code": "720p", 
    "dirtytitle": "Bomb City (2017) napisy.pl", 
    "duration": 6600.0, 
    "genre": "Dramat,Krymina\u0142,Akcja", 
    "img": "http://1.fwcdn.pl/po/98/74/769874/7814571.3.jpg", 
    "label": "[COLOR lightgreen] napisy pl [/COLOR]", 
    "new": "", 
    "plot": "", 
    "rating": 6.94337, 
    "studio": "USA", 
    "title": "Bomb City (2017)", 
    "trailer": "http://mm.filmweb.pl/769874/bomb_city_trailer__1.720p.mp4", 
    "url": "https://www.cda.pl/video/20232424f", 
    "year": "2017"
  }, 
  {
    "_filmweb": "767406", 
    "code": "1080p", 
    "dirtytitle": "HDD (2017) Lektor PL", 
    "duration": 6900.0, 
    "genre": "Dramat,Komedia,Krymina\u0142", 
    "img": "http://1.fwcdn.pl/po/74/06/767406/7828023.3.jpg", 
    "label": "[COLOR lightgreen] lektor pl [/COLOR]", 
    "new": "", 
    "plot": "Samotna matka, kt\u00f3ra straci\u0142a c\u00f3rk\u0119 w wyniku morderstwa, wynajmuje trzy tablice reklamowe, umieszczaj\u0105c na nich prowokacyjny przekaz.", 
    "rating": 7.91311, 
    "studio": "USA, Wielka Brytania", 
    "title": "Trzy billboardy za Ebbing, Missouri (2017)", 
    "trailer": "http://mm.filmweb.pl/767406/threebillboards_trailer2_pl_sub_2398_h264.720p.mp4", 
    "url": "https://www.cda.pl/video/204060655", 
    "year": "2017"
  }, 
  {
    "_filmweb": "760021", 
    "code": "720p", 
    "dirtytitle": "Nowicjat (2017). /Lektor / PL", 
    "duration": 7380.0, 
    "genre": "Dramat", 
    "img": "http://1.fwcdn.pl/po/00/21/760021/7802003.3.jpg", 
    "label": "[COLOR lightgreen] lektor pl [/COLOR]", 
    "new": "", 
    "plot": "", 
    "rating": 6.5819, 
    "studio": "USA", 
    "title": "Nowicjat (2017)", 
    "trailer": "http://mm.filmweb.pl/760021/novitiate_trailer__1__2017____movieclips_indie___youtube__720p_.720p.mp4", 
    "url": "https://www.cda.pl/video/203892353", 
    "year": "2017"
  }, 
  {
    "_filmweb": "757814", 
    "code": "720p", 
    "dirtytitle": "Szklany zamek (2017) Lektor PL", 
    "duration": 7620.0, 
    "genre": "Biograficzny,Dramat", 
    "img": "http://1.fwcdn.pl/po/78/14/757814/7814254.3.jpg", 
    "label": "[COLOR lightgreen] lektor pl [/COLOR]", 
    "new": "", 
    "plot": "", 
    "rating": 7.32329, 
    "studio": "USA", 
    "title": "Szklany zamek (2017)", 
    "trailer": "http://mm.filmweb.pl/757814/szklany_zamek___zwiastun.720p.mp4", 
    "url": "https://www.cda.pl/video/205871770", 
    "year": "2017"
  }, 
  {
    "_filmweb": "746413", 
    "code": "720p", 
    "dirtytitle": "Ustawka (2017) Lektor PL", 
    "duration": 5460.0, 
    "genre": "Komedia", 
    "img": "http://1.fwcdn.pl/po/64/13/746413/7788843.3.jpg", 
    "label": "[COLOR lightgreen] lektor pl [/COLOR]", 
    "new": "", 
    "plot": "", 
    "rating": 5.51685, 
    "studio": "USA", 
    "title": "Ustawka (2017)", 
    "trailer": "http://mm.filmweb.pl/746413/fist_fight___official_red_band_trailer.720p.mp4", 
    "url": "https://www.cda.pl/video/205317653", 
    "year": "2017"
  }, 
  {
    "_filmweb": "740951", 
    "code": "720p", 
    "dirtytitle": "Manhunt / Zhui Bu (2017) PL. SUBBED. 720p", 
    "duration": 6360.0, 
    "genre": "Akcja", 
    "img": "http://1.fwcdn.pl/po/09/51/740951/7744114.3.jpg", 
    "label": "[COLOR lightgreen] pl [/COLOR]", 
    "new": "", 
    "plot": "", 
    "rating": 5.213333, 
    "studio": "Chiny", 
    "title": "Zhui Bu (2017)", 
    "trailer": "", 
    "url": "https://www.cda.pl/video/2010651a7", 
    "year": "2017"
  }, 
  {
    "_filmweb": "735860", 
    "code": "1080p", 
    "dirtytitle": "Ciemniejsza strona Greya (2017)", 
    "duration": 6900.0, 
    "genre": "Melodramat", 
    "img": "http://1.fwcdn.pl/po/58/60/735860/7774489.3.jpg", 
    "label": "", 
    "new": "", 
    "plot": "Podczas gdy Christian walczy ze swoimi wewn\u0119trznymi demonami, Ana mierzy si\u0119 z gniewem i zazdro\u015bci\u0105 jego by\u0142ej uleg\u0142ej.", 
    "rating": 5.06582, 
    "studio": "Chiny, USA", 
    "title": "Ciemniejsza strona Greya (2017)", 
    "trailer": "http://mm.filmweb.pl/735860/ciemniejsza_strona_greya___zwiastun.720p.mp4", 
    "url": "https://www.cda.pl/video/2041989b9", 
    "year": "2017"
  }, 
  {
    "_filmweb": "726818", 
    "code": "720p", 
    "dirtytitle": "Pomi\u0119dzy nami g\u00f3ry (2017) Lektor PL", 
    "duration": 6180.0, 
    "genre": "Dramat", 
    "img": "http://1.fwcdn.pl/po/68/18/726818/7803372.3.jpg", 
    "label": "[COLOR lightgreen] lektor pl [/COLOR]", 
    "new": "Nowo\u015b\u0107", 
    "plot": "Para obcych sobie ludzi prze\u017cywa katastrof\u0119 samolotu w g\u00f3rach. S\u0105 zdani sami na siebie i mimo powa\u017cnych obra\u017ce\u0144 musz\u0105 walczy\u0107 o prze\u017cycie.", 
    "rating": 6.27594, 
    "studio": "USA", 
    "title": "Pomi\u0119dzy nami g\u00f3ry (2017)", 
    "trailer": "http://mm.filmweb.pl/726818/mountain_between_trl_1_pl_sub_2398_h264.720p.mp4", 
    "url": "https://www.cda.pl/video/206649052", 
    "year": "2017"
  }, 
  {
    "_filmweb": "718863", 
    "code": "720p", 
    "dirtytitle": "Fernando (2017) - Ferdinand", 
    "duration": 6360.0, 
    "genre": "Animacja,Familijny,Komedia", 
    "img": "http://1.fwcdn.pl/po/88/63/718863/7819063.3.jpg", 
    "label": "", 
    "new": "Nowo\u015b\u0107", 
    "plot": "Przyjacielski m\u0142ody byczek przez pomy\u0142k\u0119 zostaje zwerbowany do walk na arenie.", 
    "rating": 7.01654, 
    "studio": "USA", 
    "title": "Fernando (2017)", 
    "trailer": "http://mm.filmweb.pl/718863/ferdinand_trl_7_pl_dub_2398_h264.720p.mp4", 
    "url": "https://www.cda.pl/video/207617186", 
    "year": "2017"
  }, 
  {
    "_filmweb": "713552", 
    "code": "720p", 
    "dirtytitle": "Logan Wolverine 2017 Dubbing PL", 
    "duration": 8220.0, 
    "genre": "Dramat,Akcja,Sci-Fi", 
    "img": "http://1.fwcdn.pl/po/35/52/713552/7774933.3.jpg", 
    "label": "[COLOR lightgreen] dubbing pl [/COLOR]", 
    "new": "Nowo\u015b\u0107", 
    "plot": "Trac\u0105cy moc Logan staje si\u0119 mentorem ma\u0142ej dziewczynki, kt\u00f3ra posiada podobne zdolno\u015bci.", 
    "rating": 7.68597, 
    "studio": "Australia, Kanada, USA", 
    "title": "Logan: Wolverine (2017)", 
    "trailer": "http://mm.filmweb.pl/713552/logan_trl_8_pl_dub_2398_h264.720p.mp4", 
    "url": "https://www.cda.pl/video/206156144", 
    "year": "2017"
  }, 
  {
    "_filmweb": "701567", 
    "code": "720p", 
    "dirtytitle": "Siedem si\u00f3str (2017) Lektor PL", 
    "duration": 7380.0, 
    "genre": "Thriller,Sci-Fi", 
    "img": "http://1.fwcdn.pl/po/15/67/701567/7821522.3.jpg", 
    "label": "[COLOR lightgreen] lektor pl [/COLOR]", 
    "new": "", 
    "plot": "", 
    "rating": 6.78632, 
    "studio": "Belgia, Francja, USA, Wielka Brytania", 
    "title": "Siedem si\u00f3str (2017)", 
    "trailer": "http://mm.filmweb.pl/701567/siedem_siostr___zwiastun__premiera_vod_19_01_2018_.720p.mp4", 
    "url": "https://www.cda.pl/video/2039523e5", 
    "year": "2017"
  }, 
  {
    "_filmweb": "681141", 
    "code": "720p", 
    "dirtytitle": "Dunkierka (2017) Dubbing PL", 
    "duration": 6360.0, 
    "genre": "Dramat,Wojenny", 
    "img": "http://1.fwcdn.pl/po/11/41/681141/7797814.3.jpg", 
    "label": "[COLOR lightgreen] dubbing pl [/COLOR]", 
    "new": "Nowo\u015b\u0107", 
    "plot": "Alianccy \u017co\u0142nierze z Belgii, Wielkiej Brytanii, Kanady oraz Francji zostaj\u0105 otoczeni przez niemieck\u0105 armi\u0119 i ewakuowani podczas najbardziej zaciek\u0142ej bitwy II Wojny \u015awiatowej.", 
    "rating": 7.52211, 
    "studio": "Francja, Holandia, USA, Wielka Brytania", 
    "title": "Dunkierka (2017)", 
    "trailer": "http://mm.filmweb.pl/681141/dunkierka_i_oficjalny_zwiastun_filmu_pl.720p.mp4", 
    "url": "https://www.cda.pl/video/2061717b6", 
    "year": "2017"
  }, 
  {
    "_filmweb": "679822", 
    "code": "720p", 
    "dirtytitle": "Pakt z morderc\u0105 (2017) Lektor PL", 
    "duration": 5460.0, 
    "genre": "Thriller,Akcja", 
    "img": "http://1.fwcdn.pl/po/98/22/679822/7797519.3.jpg", 
    "label": "[COLOR lightgreen] lektor pl [/COLOR]", 
    "new": "", 
    "plot": "P\u0142atny morderca pomaga m\u0142odej kobiecie pom\u015bci\u0107 \u015bmier\u0107 jej rodziny.", 
    "rating": 5.3289537, 
    "studio": "Hiszpania, Niemcy, USA", 
    "title": "Pakt z morderc\u0105 (2017)", 
    "trailer": "http://mm.filmweb.pl/679822/pakt_z_morderca___zwiastun___youtube__720p_.720p.mp4", 
    "url": "https://www.cda.pl/video/20520723b", 
    "year": "2017"
  }, 
  {
    "_filmweb": "659676", 
    "code": "720p", 
    "dirtytitle": "Spider-Man: Homecoming (2017) Dubbing PL", 
    "duration": 7980.0, 
    "genre": "Akcja,Sci-Fi", 
    "img": "http://1.fwcdn.pl/po/96/76/659676/7796301.3.jpg", 
    "label": "[COLOR lightgreen] dubbing pl [/COLOR]", 
    "new": "Nowo\u015b\u0107", 
    "plot": "Peter Parker pod okiem swojego mentora\u00a0Tony'ego Starka stawia czo\u0142o niebezpiecznemu przest\u0119pcy Vulture'owi, kt\u00f3ry stanowi zagro\u017cenie dla najbli\u017cszych Spider-Mana.", 
    "rating": 7.2317014, 
    "studio": "USA", 
    "title": "Spider-Man: Homecoming (2017)", 
    "trailer": "http://mm.filmweb.pl/659676/spider_man__homecoming___polski_zwiastun__2__napisy_.720p.mp4", 
    "url": "https://www.cda.pl/video/2061810a4", 
    "year": "2017"
  }, 
  {
    "_filmweb": "568216", 
    "code": "1080p", 
    "dirtytitle": "Kr\u00f3l Artur Legenda miecza (2017) 1080p - Lektor pl", 
    "duration": 7560.0, 
    "genre": "Dramat,Przygodowy", 
    "img": "http://1.fwcdn.pl/po/82/16/568216/7784953.3.jpg", 
    "label": "[COLOR lightgreen] lektor pl [/COLOR]", 
    "new": "", 
    "plot": "M\u0142ody Artur zdobywa miecz Excalibur i wiedz\u0119 na temat swojego kr\u00f3lewskiego pochodzenia. Przy\u0142\u0105cza si\u0119 do rebelii, aby pokona\u0107 tyrana, kt\u00f3ry zamordowa\u0142 jego rodzic\u00f3w.", 
    "rating": 7.12503, 
    "studio": "USA", 
    "title": "Kr\u00f3l Artur: Legenda miecza (2017)", 
    "trailer": "http://mm.filmweb.pl/568216/krol_artur__legenda_miecza___zwiastun_comic_con_2016__napisy_pl_.720p.mp4", 
    "url": "https://www.cda.pl/video/204062743", 
    "year": "2017"
  }, 
  {
    "_filmweb": "494092", 
    "code": "720p", 
    "dirtytitle": "xXx: Reaktywacja (2017) Lektor PL", 
    "duration": 6420.0, 
    "genre": "Akcja", 
    "img": "http://1.fwcdn.pl/po/40/92/494092/7773802.3.jpg", 
    "label": "[COLOR lightgreen] lektor pl [/COLOR]", 
    "new": "", 
    "plot": "Xander Cage musi odzyska\u0107 urz\u0105dzenie, kt\u00f3re kontroluje ka\u017cdego wojskowego satelit\u0119 na \u015bwiecie.", 
    "rating": 5.74584, 
    "studio": "USA", 
    "title": "xXx: Reaktywacja (2017)", 
    "trailer": "http://mm.filmweb.pl/494092/xxx__reaktywacja___zwiastun.720p.mp4", 
    "url": "https://www.cda.pl/video/202618829", 
    "year": "2017"
  }, 
  {
    "_filmweb": "796602", 
    "code": "1080p", 
    "dirtytitle": "The Ritual (2017) Lektor PL", 
    "duration": 5640.0, 
    "genre": "Horror", 
    "img": "http://1.fwcdn.pl/po/66/02/796602/7815366.3.jpg", 
    "label": "[COLOR lightgreen] lektor pl [/COLOR]", 
    "new": "", 
    "plot": "Czw\u00f3rka dawnych przyjaci\u00f3\u0142, kt\u00f3rzy ostatnio rzadko si\u0119 widuj\u0105, wybiera si\u0119 do Szwecji na w\u0119dr\u00f3wk\u0119 po g\u00f3rach - by\u0107 mo\u017ce ich ostatni\u0105.\u00a0", 
    "rating": 5.58861, 
    "studio": "Wielka Brytania", 
    "title": "Rytua\u0142 (2017)", 
    "trailer": "http://mm.filmweb.pl/796602/the_ritual___official_trailer__hd____netflix.720p.mp4", 
    "url": "https://www.cda.pl/video/20430032d", 
    "year": "2017"
  }, 
  {
    "_filmweb": "786123", 
    "code": "1080p", 
    "dirtytitle": "Promie\u0144 (2017) napisy HD", 
    "duration": 5220.0, 
    "genre": "Thriller,Sci-Fi", 
    "img": "http://1.fwcdn.pl/po/61/23/786123/7808061.3.jpg", 
    "label": "[COLOR lightgreen] napisy [/COLOR]", 
    "msg": "", 
    "new": "Nowo\u015b\u0107", 
    "plot": "", 
    "rating": 5.938518, 
    "studio": "Kanada", 
    "title": "Promie\u0144 (2017)", 
    "trailer": "http://mm.filmweb.pl/786123/radius___official_trailer__canada_.720p.mp4", 
    "url": "https://www.cda.pl/video/19738978c", 
    "year": "2017"
  }, 
  {
    "_filmweb": "785179", 
    "code": "720p", 
    "dirtytitle": "After Porn Ends 2 (2017)", 
    "duration": 5400.0, 
    "genre": "Dokumentalny", 
    "img": "http://1.fwcdn.pl/po/51/79/785179/7819342.3.jpg", 
    "label": "", 
    "msg": "", 
    "new": "Nowo\u015b\u0107", 
    "plot": "", 
    "rating": 5.81818, 
    "studio": "USA", 
    "title": "After Porn Ends 2 (2017)", 
    "trailer": "", 
    "url": "https://www.cda.pl/video/1968645c3", 
    "year": "2017"
  }, 
  {
    "_filmweb": "715007", 
    "code": "1080p", 
    "dirtytitle": "Chata / Shack *2017* HD. Lektor", 
    "duration": 7920.0, 
    "genre": "Dramat,Fantasy", 
    "img": "http://1.fwcdn.pl/po/50/07/715007/7782724.3.jpg", 
    "label": "[COLOR lightgreen] lektor [/COLOR]", 
    "msg": "", 
    "new": "Nowo\u015b\u0107", 
    "plot": "M\u0119\u017cczyzna pogr\u0105\u017cony w \u017ca\u0142obie po \u015bmierci najm\u0142odszej c\u00f3rki otrzymuje list, kt\u00f3ry zmienia jego \u017cycie.", 
    "rating": 6.79715, 
    "studio": "USA", 
    "title": "Chata (2017)", 
    "trailer": "http://mm.filmweb.pl/715007/chata___zobacz_polski_zwiastun__premiera__03_03_2017_.720p.mp4", 
    "url": "https://www.cda.pl/video/19739570e", 
    "year": "2017"
  }, 
  {
    "_filmweb": "668347", 
    "code": "720p", 
    "dirtytitle": "Pierwszy \u015bnieg / The Snowman (2017) LEKTOR PL", 
    "duration": 7140.0, 
    "genre": "Krymina\u0142", 
    "img": "http://1.fwcdn.pl/po/83/47/668347/7802561.3.jpg", 
    "label": "[COLOR lightgreen] lektor pl [/COLOR]", 
    "msg": "", 
    "new": "Nowo\u015b\u0107", 
    "plot": "Detektyw Harry Hole bada spraw\u0119 zagini\u0119cia kobiety, kt\u00f3rej szalika u\u017cyto do przystrojenia ulepionego przed jej domem ba\u0142wana.", 
    "rating": 5.49164, 
    "studio": "Szwecja, USA, Wielka Brytania", 
    "title": "Pierwszy \u015bnieg (2017)", 
    "trailer": "http://mm.filmweb.pl/668347/the_snowman___official_international_trailer__universal_pictures__hd.720p.mp4", 
    "url": "https://www.cda.pl/video/197166668", 
    "year": "2017"
  }, 
  {
    "_filmweb": "789214", 
    "code": "720p", 
    "dirtytitle": "\u015alepy punkt / Blind Spot / Dode Hoek (2017) LEKTOR PL", 
    "duration": 6300.0, 
    "genre": "", 
    "img": "http://1.fwcdn.pl/po/92/14/789214/7802184.3.jpg", 
    "label": "[COLOR lightgreen] lektor pl [/COLOR]", 
    "msg": "", 
    "new": "Nowo\u015b\u0107", 
    "plot": "", 
    "rating": 5.746835, 
    "studio": "Belgia", 
    "title": "\u015alepy punkt (2017)", 
    "trailer": "", 
    "url": "https://www.cda.pl/video/19584592d", 
    "year": "2017"
  }, 
  {
    "_filmweb": "787690", 
    "code": "720p", 
    "dirtytitle": "Professor Marston and the Wonder Women (2017)LEKTOR PL.", 
    "duration": 6480.0, 
    "genre": "Biograficzny", 
    "img": "http://1.fwcdn.pl/po/76/90/787690/7814533.3.jpg", 
    "label": "[COLOR lightgreen] lektor pl [/COLOR]", 
    "msg": "", 
    "new": "Nowo\u015b\u0107", 
    "plot": "", 
    "rating": 6.92, 
    "studio": "USA", 
    "title": "Professor Marston and the Wonder Women (2017)", 
    "trailer": "http://mm.filmweb.pl/787690/professor_marston___the_wonder_women_final_trailer.720p.mp4", 
    "url": "https://www.cda.pl/video/1959669cd", 
    "year": "2017"
  }, 
  {
    "_filmweb": "786578", 
    "code": "720p", 
    "dirtytitle": "Daytime Shooting Star (2017) Napisy ENG", 
    "duration": "", 
    "genre": "Romans", 
    "img": "http://1.fwcdn.pl/po/65/78/786578/7793081.3.jpg", 
    "label": "[COLOR lightgreen] napisy [/COLOR]", 
    "msg": "", 
    "new": "Nowo\u015b\u0107", 
    "plot": "", 
    "rating": 6.42424, 
    "studio": "Japonia", 
    "title": "Hirunaka no Ry\u00fbsei (2017)", 
    "trailer": "", 
    "url": "https://www.cda.pl/video/194763882", 
    "year": "2017"
  }, 
  {
    "_filmweb": "781659", 
    "code": "720p", 
    "dirtytitle": "Gintama (2017) Napisy ENG", 
    "duration": "", 
    "genre": "", 
    "img": "http://1.fwcdn.pl/po/16/59/781659/7807203.3.jpg", 
    "label": "[COLOR lightgreen] napisy [/COLOR]", 
    "msg": "", 
    "new": "Nowo\u015b\u0107", 
    "plot": "", 
    "rating": 6.74286, 
    "studio": "Japonia", 
    "title": "Gintama (2017)", 
    "trailer": "", 
    "url": "https://www.cda.pl/video/194943508", 
    "year": "2017"
  }, 
  {
    "_filmweb": "752144", 
    "code": "1080p", 
    "dirtytitle": "Emotki. Film (2017) 1080p - Dubbing pl", 
    "duration": 5160.0, 
    "genre": "Animacja,Komedia", 
    "img": "http://1.fwcdn.pl/po/21/44/752144/7802560.3.jpg", 
    "label": "[COLOR lightgreen] dubbing pl [/COLOR]", 
    "msg": "", 
    "new": "", 
    "plot": "Miasto Tekstopolis zamieszkuj\u0105\u00a0 emotki, gdzie ka\u017cda z nich wyra\u017ca jedn\u0105 konkretn\u0105 emocj\u0119. Z wyj\u0105tkiem Minka, co mo\u017ce doprowadzi\u0107 do katastrofy.", 
    "rating": 4.9514422, 
    "studio": "USA", 
    "title": "Emotki. Film (2017)", 
    "trailer": "http://mm.filmweb.pl/752144/the_emoji_movie_international_trailer__2__2017____movieclips_trailers___youtube__720p_.720p.mp4", 
    "url": "https://www.cda.pl/video/192949741", 
    "year": "2017"
  }, 
  {
    "_filmweb": "736421", 
    "code": "1080p", 
    "dirtytitle": "Barry Seal: Kr\u00f3l przemytu / American Made (2017)Lektor / PL", 
    "duration": 6900.0, 
    "genre": "Dramat,Polityczny", 
    "img": "http://1.fwcdn.pl/po/64/21/736421/7798584.3.jpg", 
    "label": "[COLOR lightgreen] lektor pl [/COLOR]", 
    "msg": "", 
    "new": "", 
    "plot": "Historia Barry'ego Seala, cz\u0142owieka, kt\u00f3ry jednocze\u015bnie pracowa\u0142 dla CIA oraz kartelu.", 
    "rating": 7.0629845, 
    "studio": "USA", 
    "title": "Barry Seal: Kr\u00f3l przemytu (2017)", 
    "trailer": "http://mm.filmweb.pl/736421/american_made___official_trailer__hd_.720p.mp4", 
    "url": "https://www.cda.pl/video/1929752ac", 
    "year": "2017"
  }, 
  {
    "_filmweb": "625143", 
    "code": "720p", 
    "dirtytitle": "Amityville: Przebudzenie (2017) *HQ* - LEKTOR PL - Amityville: The Awakening (2017) *HQ*", 
    "duration": 5100.0, 
    "genre": "Horror", 
    "img": "http://1.fwcdn.pl/po/51/43/625143/7817988.3.jpg", 
    "label": "[COLOR lightgreen] lektor pl [/COLOR]", 
    "msg": "", 
    "new": "Nowo\u015b\u0107", 
    "plot": "Samotna matka z tr\u00f3jk\u0105 dzieci przeprowadza si\u0119 do nawiedzonego domu, nie znaj\u0105c jego krwawej historii.", 
    "rating": 5.1286864, 
    "studio": "USA", 
    "title": "Amityville: Przebudzenie (2017)", 
    "trailer": "http://mm.filmweb.pl/625143/amityville_the_awakening_trailer.720p.mp4", 
    "url": "https://www.cda.pl/video/19495341d", 
    "year": "2017"
  }, 
  {
    "_filmweb": "465839", 
    "code": "720p", 
    "dirtytitle": "\u015amier\u0107 nadejdzie dzi\u015b (2017) *HQ* - LEKTOR PL - Happy Death Day (2017) *HQ*", 
    "duration": 5760.0, 
    "genre": "Horror", 
    "img": "http://1.fwcdn.pl/po/58/39/465839/7808432.3.jpg", 
    "label": "[COLOR lightgreen] lektor pl [/COLOR]", 
    "msg": "", 
    "new": "Nowo\u015b\u0107", 
    "plot": "Tree Gelbman musi dowiedzie\u0107 si\u0119, kto jest jej zab\u00f3jc\u0105, aby przesta\u0107 prze\u017cywa\u0107 swoje ostatnie urodziny ka\u017cdego dnia.", 
    "rating": 6.28364, 
    "studio": "USA", 
    "title": "\u015amier\u0107 nadejdzie dzi\u015b (2017)", 
    "trailer": "http://mm.filmweb.pl/465839/happy_death_day_international_trailer__1.720p.mp4", 
    "url": "https://www.cda.pl/video/1963221dc", 
    "year": "2017"
  }, 
  {
    "_filmweb": "275064", 
    "code": "720p", 
    "dirtytitle": "Tulip Fever / Tulipanowa gor\u0105czka (2017) LEKTOR PL", 
    "duration": 6420.0, 
    "genre": "Kostiumowy,Melodramat", 
    "img": "http://1.fwcdn.pl/po/50/64/275064/7797984.3.jpg", 
    "label": "[COLOR lightgreen] lektor pl [/COLOR]", 
    "msg": "", 
    "new": "", 
    "plot": "Podczas pracy artysta zakochuje si\u0119 w m\u0142odej i zam\u0119\u017cnej kobiecie. Planuj\u0105c wsp\u00f3ln\u0105 przysz\u0142o\u015b\u0107, kochankowie postanawiaj\u0105 sprzeda\u0107 cenn\u0105 cebulk\u0119 tulipana.", 
    "rating": 6.36917, 
    "studio": "USA, Wielka Brytania", 
    "title": "Tulipanowa gor\u0105czka (2017)", 
    "trailer": "http://mm.filmweb.pl/275064/tulipanowa_goraczka___zwiastun_bez_cenzury.720p.mp4", 
    "url": "https://www.cda.pl/video/192548023", 
    "year": "2017"
  }, 
  {
    "_filmweb": "794065", 
    "code": "720p", 
    "dirtytitle": "Acts of Vengeance (2017) PL", 
    "duration": 5220.0, 
    "genre": "Dramat,Akcja", 
    "img": "http://1.fwcdn.pl/po/40/65/794065/7827751.3.jpg", 
    "label": "[COLOR lightgreen] pl [/COLOR]", 
    "msg": "", 
    "new": "Nowo\u015b\u0107", 
    "plot": "", 
    "rating": 5.6473317, 
    "studio": "USA, Bu\u0142garia", 
    "title": "Acts of Vengeance (2017)", 
    "trailer": "http://mm.filmweb.pl/794065/acts_of_vengeance_official_trailer__2017____antonio_banderas.720p.mp4", 
    "url": "https://www.cda.pl/video/19281058a", 
    "year": "2017"
  }, 
  {
    "_filmweb": "789744", 
    "code": "720p", 
    "dirtytitle": "The Houses October Built 2 (2017) PL. SUBBED. 720p", 
    "duration": 6060.0, 
    "genre": "Horror", 
    "img": "http://1.fwcdn.pl/po/97/44/789744/7803294.3.jpg", 
    "label": "[COLOR lightgreen] pl [/COLOR]", 
    "msg": "", 
    "new": "Nowo\u015b\u0107", 
    "plot": "", 
    "rating": 3.225, 
    "studio": "USA", 
    "title": "The Houses October Built 2 (2017)", 
    "trailer": "http://mm.filmweb.pl/789744/the_houses_october_built_2_trailer__1.720p.mp4", 
    "url": "https://www.cda.pl/video/192498246", 
    "year": "2017"
  }, 
  {
    "_filmweb": "775944", 
    "code": "720p", 
    "dirtytitle": "Gdybym by\u0142a ch\u0142opcem (2017)", 
    "duration": 5700.0, 
    "genre": "Komedia", 
    "img": "http://1.fwcdn.pl/po/59/44/775944/7782226.3.jpg", 
    "label": "", 
    "msg": "", 
    "new": "", 
    "plot": "", 
    "rating": 5.51054, 
    "studio": "Francja", 
    "title": "Gdybym by\u0142a ch\u0142opcem (2017)", 
    "trailer": "http://mm.filmweb.pl/775944/if_i_were_a_boy___si_j_etais_un_homme__2017____trailer__french_.720p.mp4", 
    "url": "https://www.cda.pl/video/190385018", 
    "year": "2017"
  }, 
  {
    "_filmweb": "761579", 
    "code": "1080p", 
    "dirtytitle": "Kickboxer Odwet Full HD (2018) Lektor PL | Majtek2", 
    "duration": "", 
    "genre": "Akcja", 
    "img": "http://1.fwcdn.pl/po/15/79/761579/7756230.3.jpg", 
    "label": "[COLOR lightgreen] lektor pl [/COLOR]", 
    "msg": "", 
    "new": "", 
    "plot": "Kurt zostaje porwany i\u00a0trafia do wi\u0119zienia w Tajlandii.\u00a0 Wolno\u015b\u0107 mo\u017ce odzyska\u0107 je\u017celi zmierzy si\u0119 z bezwzgl\u0119dnym wojownikiem.", 
    "rating": 4.55195, 
    "studio": "USA", 
    "title": "Kickboxer: Odwet (2017)", 
    "trailer": "http://mm.filmweb.pl/761579/kickboxer__odwet___zwiastun__premiera_vod_26_01_2018_.720p.mp4", 
    "url": "https://www.cda.pl/video/194065141", 
    "year": "2017"
  }, 
  {
    "_filmweb": "710264", 
    "code": "720p", 
    "dirtytitle": "Geostorm (2017.pl)", 
    "duration": 6540.0, 
    "genre": "Katastroficzny", 
    "img": "http://1.fwcdn.pl/po/02/64/710264/7808509.3.jpg", 
    "label": "[COLOR lightgreen] pl [/COLOR]", 
    "msg": "", 
    "new": "Nowo\u015b\u0107", 
    "plot": "Sie\u0107 satelit\u00f3w, kt\u00f3ra zosta\u0142a stworzona do kontroli globalnego klimatu, zaczyna powodowa\u0107 katastrofalne anomalie pogodowe.", 
    "rating": 5.59046, 
    "studio": "USA", 
    "title": "Geostorm (2017)", 
    "trailer": "http://mm.filmweb.pl/710264/geostorm_i_oficjalny_zwiastun_filmu__2_pl_i_hd_i_w_kinach_od_20_pazdziernika.720p.mp4", 
    "url": "https://www.cda.pl/video/191930314", 
    "year": "2017"
  }, 
  {
    "_filmweb": "700661", 
    "code": "720p", 
    "dirtytitle": "Gorzkie \u017cniwa / Bitter Harvest (2017) PL.", 
    "duration": 6180.0, 
    "genre": "Dramat", 
    "img": "http://1.fwcdn.pl/po/06/61/700661/7770818.3.jpg", 
    "label": "[COLOR lightgreen] pl [/COLOR]", 
    "msg": "", 
    "new": "", 
    "plot": "", 
    "rating": 5.37666, 
    "studio": "Kanada", 
    "title": "Gorzkie \u017cniwa (2017)", 
    "trailer": "http://mm.filmweb.pl/700661/bitter_harvest_official_trailer_1.720p.mp4", 
    "url": "https://www.cda.pl/video/18958947e", 
    "year": "2017"
  }, 
  {
    "_filmweb": "671049", 
    "code": "720p", 
    "dirtytitle": "S/P,- Akcja,Komedia. - (2017)- Lektor PL.", 
    "duration": 9120.0, 
    "genre": "Przygodowy,Sci-Fi", 
    "img": "http://1.fwcdn.pl/po/10/49/671049/7808454.3.jpg", 
    "label": "[COLOR lightgreen] lektor pl [/COLOR]", 
    "msg": "", 
    "new": "Nowo\u015b\u0107", 
    "plot": "Rey odnajduje Luke'a Skywalkera, by nam\u00f3wi\u0107 go na powr\u00f3t i walk\u0119 z Najwy\u017cszym Porz\u0105dkiem. Tymczasem Rebelianci pr\u00f3buj\u0105 uciec przed flot\u0105 wroga.", 
    "rating": 7.2344065, 
    "studio": "USA", 
    "title": "Gwiezdne wojny: Ostatni Jedi (2017)", 
    "trailer": "http://mm.filmweb.pl/671049/gwiezdne_wojny__ostatni_jedi___zwiastun__dubbing_.720p.mp4", 
    "url": "https://www.cda.pl/video/19153768d", 
    "year": "2017"
  }, 
  {
    "_filmweb": "634796", 
    "code": "720p", 
    "dirtytitle": "Linia \u017cycia (2017)", 
    "duration": 6600.0, 
    "genre": "Horror,Sci-Fi", 
    "img": "http://1.fwcdn.pl/po/47/96/634796/7799632.3.jpg", 
    "label": "", 
    "msg": "", 
    "new": "", 
    "plot": "Grupa student\u00f3w medycyny prowadzi niebezpieczne eksperymenty ze \u015bmierci\u0105 kliniczn\u0105. Nie wiedz\u0105, \u017ce ich dzia\u0142ania b\u0119d\u0105 mia\u0142y o wiele wi\u0119ksze konsekwencje, zagra\u017caj\u0105ce ich \u017cyciu.", 
    "rating": 5.87026, 
    "studio": "USA", 
    "title": "Linia \u017cycia (2017)", 
    "trailer": "http://mm.filmweb.pl/634796/flatliners_trailer__2.720p.mp4", 
    "url": "https://www.cda.pl/video/1900235ff", 
    "year": "2017"
  }, 
  {
    "_filmweb": "795964", 
    "code": "720p", 
    "dirtytitle": "Ver\u00f3nica (2017) napisy.pl", 
    "duration": 6300.0, 
    "genre": "Horror", 
    "img": "http://1.fwcdn.pl/po/59/64/795964/7813359.3.jpg", 
    "label": "[COLOR lightgreen] napisy pl [/COLOR]", 
    "msg": "", 
    "new": "Nowo\u015b\u0107", 
    "plot": "", 
    "rating": 5.87123, 
    "studio": "Hiszpania", 
    "title": "Ver\u00f3nica (2017)", 
    "trailer": "", 
    "url": "https://www.cda.pl/video/188508801", 
    "year": "2017"
  }, 
  {
    "_filmweb": "776703", 
    "code": "1080p", 
    "dirtytitle": "Morderstwo w hotelu Hilton (2017) napisy HD", 
    "duration": 6360.0, 
    "genre": "Thriller", 
    "img": "http://1.fwcdn.pl/po/67/03/776703/7810974.3.jpg", 
    "label": "[COLOR lightgreen] napisy [/COLOR]", 
    "msg": "", 
    "new": "Nowo\u015b\u0107", 
    "plot": "Policjant z Kairu pr\u00f3buje rozwik\u0142a\u0107 zagadk\u0119 morderstwa kobiety dokonanego w przededniu egipskiej rewolucji z 2011 roku.", 
    "rating": 6.29832, 
    "studio": "Dania, Francja, Niemcy, Szwecja", 
    "title": "Morderstwo w hotelu Hilton (2017)", 
    "trailer": "http://mm.filmweb.pl/776703/morderstwo_w_hotelu_hilton___polski_zwiastun__premiera_kinowa_1_grudnia_2017_.720p.mp4", 
    "url": "https://www.cda.pl/video/189183591", 
    "year": "2017"
  }, 
  {
    "_filmweb": "767722", 
    "code": "720p", 
    "dirtytitle": "All Eyez on Me (2017) PL lektor", 
    "duration": 8400.0, 
    "genre": "Biograficzny,Muzyczny", 
    "img": "http://1.fwcdn.pl/po/77/22/767722/7776944.3.jpg", 
    "label": "[COLOR lightgreen] pl lektor [/COLOR]", 
    "msg": "", 
    "new": "Nowo\u015b\u0107", 
    "plot": "", 
    "rating": 6.36543, 
    "studio": "USA", 
    "title": "All Eyez on Me (2017)", 
    "trailer": "http://mm.filmweb.pl/trailer/all_eyez_on_me__2017_movie____official_trailer___based_on_tupac_shakur.480p.mp4", 
    "url": "https://www.cda.pl/video/188331859", 
    "year": "2017"
  }, 
  {
    "_filmweb": "760272", 
    "code": "720p", 
    "dirtytitle": "Mother (2017.pl)", 
    "duration": 7260.0, 
    "genre": "Horror", 
    "img": "http://1.fwcdn.pl/po/02/72/760272/7806424.3.jpg", 
    "label": "[COLOR lightgreen] pl [/COLOR]", 
    "msg": "", 
    "new": "Nowo\u015b\u0107", 
    "plot": "Idylliczny zwi\u0105zek pewnego ma\u0142\u017ce\u0144stwa zostanie poddany testowi, gdy w ich domu pojawi\u0105 si\u0119 obcy m\u0119\u017cczyzna i kobieta.\u00a0", 
    "rating": 6.47944, 
    "studio": "USA", 
    "title": "Mother! (2017)", 
    "trailer": "http://mm.filmweb.pl/760272/mother__trailer__2017_____experience_.720p.mp4", 
    "url": "https://www.cda.pl/video/18926545c", 
    "year": "2017"
  }, 
  {
    "_filmweb": "696071", 
    "code": "720p", 
    "dirtytitle": "t2 2017 pl", 
    "duration": 7020.0, 
    "genre": "Dramat", 
    "img": "http://1.fwcdn.pl/po/60/71/696071/7775723.3.jpg", 
    "label": "[COLOR lightgreen] pl [/COLOR]", 
    "msg": "", 
    "new": "", 
    "plot": "Po dwudziestu latach Mark wraca do domu, aby\u00a0odnowi\u0107 relacje\u00a0z przyjaci\u00f3\u0142mi.", 
    "rating": 7.06478, 
    "studio": "Wielka Brytania", 
    "title": "T2: Trainspotting (2017)", 
    "trailer": "http://mm.filmweb.pl/696071/t2_trainspotting_legacy_trailer.720p.mp4", 
    "url": "https://www.cda.pl/video/187326812", 
    "year": "2017"
  }, 
  {
    "_filmweb": "801856", 
    "code": "720p", 
    "dirtytitle": "Bad Genius (2017) PL. SUBBED", 
    "duration": "", 
    "genre": "", 
    "img": "http://1.fwcdn.pl/po/18/56/801856/7823389.3.jpg", 
    "label": "[COLOR lightgreen] pl [/COLOR]", 
    "msg": "", 
    "new": "Nowo\u015b\u0107", 
    "plot": "", 
    "rating": 6.8536587, 
    "studio": "", 
    "title": "Bad Genius (2017)", 
    "trailer": "", 
    "url": "https://www.cda.pl/video/1858292f5", 
    "year": "2017"
  }, 
  {
    "_filmweb": "788528", 
    "code": "720p", 
    "dirtytitle": "Dziwni go\u015bcie / The Strange Ones (2017) PL. SUBBED. 720p", 
    "duration": 4860.0, 
    "genre": "Dramat", 
    "img": "http://1.fwcdn.pl/po/85/28/788528/7818271.3.jpg", 
    "label": "[COLOR lightgreen] pl [/COLOR]", 
    "msg": "", 
    "new": "Nowo\u015b\u0107", 
    "plot": "", 
    "rating": 5.51765, 
    "studio": "USA", 
    "title": "Dziwni go\u015bcie (2017)", 
    "trailer": "http://mm.filmweb.pl/788528/official_teaser_trailer___the_strange_ones.720p.mp4", 
    "url": "https://www.cda.pl/video/186470391", 
    "year": "2017"
  }, 
  {
    "_filmweb": "782776", 
    "code": "720p", 
    "dirtytitle": "Thelma (2017) PL. SUBBED. 720p", 
    "duration": 6960.0, 
    "genre": "Dramat,Fantasy", 
    "img": "http://1.fwcdn.pl/po/27/76/782776/7802876.3.jpg", 
    "label": "[COLOR lightgreen] pl [/COLOR]", 
    "msg": "", 
    "new": "", 
    "plot": "", 
    "rating": 6.78785, 
    "studio": "Dania, Francja, Norwegia, Szwecja", 
    "title": "Thelma (2017)", 
    "trailer": "http://mm.filmweb.pl/782776/thelma_official_us_trailer.720p.mp4", 
    "url": "https://www.cda.pl/video/181404216", 
    "year": "2017"
  }, 
  {
    "_filmweb": "781007", 
    "code": "1080p", 
    "dirtytitle": "Blok 99 Full HD (2017) Lektor PL | Majtek2", 
    "duration": 7920.0, 
    "genre": "Krymina\u0142,Thriller,Akcja", 
    "img": "http://1.fwcdn.pl/po/10/07/781007/7801760.3.jpg", 
    "label": "[COLOR lightgreen] lektor pl [/COLOR]", 
    "msg": "", 
    "new": "", 
    "plot": "", 
    "rating": 6.684174, 
    "studio": "USA", 
    "title": "Blok 99 (2017)", 
    "trailer": "http://mm.filmweb.pl/781007/brawl_in_cell_block_99_teaser_trailer__1__2017____movieclips_trailers.720p.mp4", 
    "url": "https://www.cda.pl/video/193152593", 
    "year": "2017"
  }, 
  {
    "_filmweb": "780617", 
    "code": "720p", 
    "dirtytitle": "Tokyo Ghoul (2017) PL. SUBBED. 720p", 
    "duration": "", 
    "genre": "", 
    "img": "http://1.fwcdn.pl/po/06/17/780617/7806285.3.jpg", 
    "label": "[COLOR lightgreen] pl [/COLOR]", 
    "msg": "", 
    "new": "", 
    "plot": "", 
    "rating": 5.547231, 
    "studio": "Japonia", 
    "title": "Tokyo Ghoul (2017)", 
    "trailer": "http://mm.filmweb.pl/780617/tokyo_ghoul__the_movie___live_action_trailer.720p.mp4", 
    "url": "https://www.cda.pl/video/181563886", 
    "year": "2017"
  }, 
  {
    "_filmweb": "779038", 
    "code": "1080p", 
    "dirtytitle": "Dabka / The Pirates of Somalia (2017) napisy HD", 
    "duration": 6960.0, 
    "genre": "Biograficzny,Dramat", 
    "img": "http://1.fwcdn.pl/po/90/38/779038/7815141.3.jpg", 
    "label": "[COLOR lightgreen] napisy [/COLOR]", 
    "msg": "", 
    "new": "", 
    "plot": "", 
    "rating": 6.7636023, 
    "studio": "RPA, USA, Kenia, Somalia, Sudan", 
    "title": "Dabka (2017)", 
    "trailer": "http://mm.filmweb.pl/779038/the_pirates_of_somalia_trailer__1.720p.mp4", 
    "url": "https://www.cda.pl/video/1833560a3", 
    "year": "2017"
  }, 
  {
    "_filmweb": "765212", 
    "code": "1080p", 
    "dirtytitle": "Life (2017)", 
    "duration": 6180.0, 
    "genre": "Thriller,Sci-Fi", 
    "img": "http://1.fwcdn.pl/po/52/12/765212/7779102.3.jpg", 
    "label": "", 
    "msg": "", 
    "new": "", 
    "plot": "Mi\u0119dzynarodowa wyprawa kosmiczna odkrywa \u015blady \u017cycia na Marsie.", 
    "rating": 6.3255215, 
    "studio": "USA", 
    "title": "Life (2017)", 
    "trailer": "http://mm.filmweb.pl/765212/life___restricted_trailer__in_theaters_march_24_.720p.mp4", 
    "url": "https://www.cda.pl/video/182063035", 
    "year": "2017"
  }, 
  {
    "_filmweb": "760503", 
    "code": "720p", 
    "dirtytitle": "Super Dark Times (2017)", 
    "duration": 6000.0, 
    "genre": "Thriller", 
    "img": "http://1.fwcdn.pl/po/05/03/760503/7807187.3.jpg", 
    "label": "", 
    "msg": "", 
    "new": "Nowo\u015b\u0107", 
    "plot": "", 
    "rating": 6.174567, 
    "studio": "USA", 
    "title": "Super Dark Times (2017)", 
    "trailer": "http://mm.filmweb.pl/760503/super_dark_times___official_trailer___youtube__720p_.720p.mp4", 
    "url": "https://www.cda.pl/video/183683036", 
    "year": "2017"
  }, 
  {
    "_filmweb": "756109", 
    "code": "1080p", 
    "dirtytitle": "Miecz Nie\u015bmiertelnego (2017) napisy HD", 
    "duration": 8460.0, 
    "genre": "Fantasy,Sztuki walki", 
    "img": "http://1.fwcdn.pl/po/61/09/756109/7790339.3.jpg", 
    "label": "[COLOR lightgreen] napisy [/COLOR]", 
    "new": "", 
    "plot": "Manji, \u015bwietnie wyszkolony samuraj, staje si\u0119 nie\u015bmiertelny po legendarnej bitwie.\u00a0", 
    "rating": 6.2058177, 
    "studio": "Japonia", 
    "title": "Miecz Nie\u015bmiertelnego (2017)", 
    "trailer": "http://mm.filmweb.pl/756109/blade_of_the_immortal___first_english_trailer__exclusive_.720p.mp4", 
    "url": "https://www.cda.pl/video/200285754", 
    "year": "2017"
  }, 
  {
    "_filmweb": "750742", 
    "code": "720p", 
    "dirtytitle": "Fabricated City (2017) PL. SUBBED. 720p", 
    "duration": 7560.0, 
    "genre": "Krymina\u0142", 
    "img": "http://1.fwcdn.pl/po/07/42/750742/7778627.3.jpg", 
    "label": "[COLOR lightgreen] pl [/COLOR]", 
    "msg": "", 
    "new": "Nowo\u015b\u0107", 
    "plot": "", 
    "rating": 6.7966805, 
    "studio": "Korea Po\u0142udniowa", 
    "title": "Jo-jak-doen Do-si (2017)", 
    "trailer": "", 
    "url": "https://www.cda.pl/video/18437158e", 
    "year": "2017"
  }, 
  {
    "_filmweb": "744851", 
    "code": "720p", 
    "dirtytitle": "Goon: Last of the Enforcers 2017 HD Lektor PL", 
    "duration": 6060.0, 
    "genre": "Komedia,Sportowy", 
    "img": "http://1.fwcdn.pl/po/48/51/744851/7767934.3.jpg", 
    "label": "[COLOR lightgreen] lektor pl [/COLOR]", 
    "msg": "", 
    "new": "", 
    "plot": "", 
    "rating": 5.215625, 
    "studio": "Kanada", 
    "title": "Goon: Last of the Enforcers (2017)", 
    "trailer": "http://mm.filmweb.pl/744851/goon__last_of_the_enforcers_trailer__2.720p.mp4", 
    "url": "https://www.cda.pl/video/182701199", 
    "year": "2017"
  }, 
  {
    "_filmweb": "736434", 
    "code": "720p", 
    "dirtytitle": "Jesienni zab\u00f3jcy HD (2017) Lektor pl", 
    "duration": 5100.0, 
    "genre": "Dramat,Krymina\u0142", 
    "img": "http://1.fwcdn.pl/po/64/34/736434/7814962.3.jpg", 
    "label": "[COLOR lightgreen] lektor pl [/COLOR]", 
    "msg": "", 
    "new": "Nowo\u015b\u0107", 
    "plot": "Nastolatek rozpoczyna w\u0142asne dochodzenie dotycz\u0105ce morderstwa w Waszyngtonie.", 
    "rating": 5.29006, 
    "studio": "USA", 
    "title": "Jesienni zab\u00f3jcy (2017)", 
    "trailer": "http://mm.filmweb.pl/736434/november_criminals_trailer___on_digital_11_7___in_theaters_12_8.720p.mp4", 
    "url": "https://www.cda.pl/video/185750999", 
    "year": "2017"
  }, 
  {
    "_filmweb": "718181", 
    "code": "720p", 
    "dirtytitle": "The Gracefield Incident (2017) PL. SUBBED. 720p", 
    "duration": 5340.0, 
    "genre": "Horror,Sci-Fi", 
    "img": "http://1.fwcdn.pl/po/81/81/718181/7708571.3.jpg", 
    "label": "[COLOR lightgreen] pl [/COLOR]", 
    "msg": "", 
    "new": "", 
    "plot": "", 
    "rating": 4.4339814, 
    "studio": "Kanada, USA", 
    "title": "Co si\u0119 wydarzy\u0142o w Gracefield (2017)", 
    "trailer": "http://mm.filmweb.pl/718181/the_gracefield_incident_trailer__1.720p.mp4", 
    "url": "https://www.cda.pl/video/18138837b", 
    "year": "2017"
  }, 
  {
    "_filmweb": "717250", 
    "code": "1080p", 
    "dirtytitle": "To (2017)", 
    "duration": 7140.0, 
    "genre": "Fantasy,Przygodowy", 
    "img": "http://1.fwcdn.pl/po/72/50/717250/7815013.3.jpg", 
    "label": "", 
    "msg": "", 
    "new": "Nowo\u015b\u0107", 
    "plot": "Czworo przyjaci\u00f3\u0142 odkrywa star\u0105 gr\u0119, kt\u00f3ra przenosi ich w \u015bwiat d\u017cungli. Aby powr\u00f3ci\u0107 do rzeczywisto\u015bci, musz\u0105 stawi\u0107 czo\u0142o niebezpiecznym przygodom.", 
    "rating": 7.09119, 
    "studio": "USA", 
    "title": "Jumanji: Przygoda w d\u017cungli (2017)", 
    "trailer": "http://mm.filmweb.pl/717250/jumanji__welcome_to_the_jungle_official_trailer__2.720p.mp4", 
    "url": "https://www.cda.pl/video/18394227c", 
    "year": "2017"
  }, 
  {
    "_filmweb": "625238", 
    "code": "720p", 
    "dirtytitle": "Dom zbrodni HD (2017) Napisy PL", 
    "duration": 6900.0, 
    "genre": "Dramat", 
    "img": "http://1.fwcdn.pl/po/52/38/625238/7806495.3.jpg", 
    "label": "[COLOR lightgreen] napisy pl [/COLOR]", 
    "msg": "", 
    "new": "", 
    "plot": "", 
    "rating": 7.346131, 
    "studio": "Wielka Brytania", 
    "title": "Dom zbrodni (2017)", 
    "trailer": "http://mm.filmweb.pl/625238/crooked_house___official_trailer.720p.mp4", 
    "url": "https://www.cda.pl/video/182693663", 
    "year": "2017"
  }, 
  {
    "_filmweb": "598306", 
    "code": "720p", 
    "dirtytitle": "Beyond Skyline (2017) NAPISY PL", 
    "duration": 6300.0, 
    "genre": "Akcja,Sci-Fi", 
    "img": "http://1.fwcdn.pl/po/83/06/598306/7802459.3.jpg", 
    "label": "[COLOR lightgreen] napisy pl [/COLOR]", 
    "msg": "", 
    "new": "Nowo\u015b\u0107", 
    "plot": "", 
    "rating": 5.0584345, 
    "studio": "Chiny, Kanada, Singapur, USA, Wielka Brytania, Indonezja", 
    "title": "Beyond Skyline (2017)", 
    "trailer": "http://mm.filmweb.pl/598306/beyond_skyline_official_trailer.720p.mp4", 
    "url": "https://www.cda.pl/video/186286469", 
    "year": "2017"
  }, 
  {
    "_filmweb": "298736", 
    "code": "1080p", 
    "dirtytitle": "Rings (2017)", 
    "duration": 6120.0, 
    "genre": "Horror", 
    "img": "http://1.fwcdn.pl/po/87/36/298736/7775368.3.jpg", 
    "label": "", 
    "msg": "", 
    "new": "", 
    "plot": "By uratowa\u0107 swojego ch\u0142opaka Julia postanawia obejrze\u0107 tajemnicz\u0105 kaset\u0119 wideo. Wkr\u00f3tce dowiaduje si\u0119, \u017ce zosta\u0142o jej siedem dni \u017cycia.", 
    "rating": 4.636843, 
    "studio": "USA", 
    "title": "Rings (2017)", 
    "trailer": "http://mm.filmweb.pl/298736/rings_zwiastun_b.720p.mp4", 
    "url": "https://www.cda.pl/video/18255355c", 
    "year": "2017"
  }, 
  {
    "_filmweb": "796010", 
    "code": "720p", 
    "dirtytitle": "Salut 7 (2017) Napisy", 
    "duration": 6660.0, 
    "genre": "Dramat", 
    "img": "http://1.fwcdn.pl/po/60/10/796010/7814354.3.jpg", 
    "label": "[COLOR green] napisy [/COLOR]", 
    "msg": "", 
    "new": "Nowo\u015b\u0107", 
    "plot": "", 
    "rating": 7.18889, 
    "studio": "Rosja", 
    "title": "Salut 7 (2017)", 
    "trailer": "", 
    "url": "https://www.cda.pl/video/176938302", 
    "year": "2017"
  }, 
  {
    "_filmweb": "789732", 
    "code": "720p", 
    "dirtytitle": "ReLIFE (2017) Napisy ENG", 
    "duration": 7200.0, 
    "genre": "Romans", 
    "img": "http://1.fwcdn.pl/po/97/32/789732/7805463.3.jpg", 
    "label": "[COLOR green] napisy [/COLOR]", 
    "msg": "", 
    "new": "Nowo\u015b\u0107", 
    "plot": "", 
    "rating": 4.83333, 
    "studio": "Japonia", 
    "title": "ReLIFE (2017)", 
    "trailer": "", 
    "url": "https://www.cda.pl/video/1761646ff", 
    "year": "2017"
  }, 
  {
    "_filmweb": "781870", 
    "code": "720p", 
    "dirtytitle": "Today's Kira-kun (2017) Napisy ENG", 
    "duration": 6540.0, 
    "genre": "", 
    "img": "http://1.fwcdn.pl/po/18/70/781870/7807185.3.jpg", 
    "label": "[COLOR green] napisy [/COLOR]", 
    "msg": "", 
    "new": "Nowo\u015b\u0107", 
    "plot": "", 
    "rating": 7.08333, 
    "studio": "Japonia", 
    "title": "Ky\u00f4 no Kira kun (2017)", 
    "trailer": "", 
    "url": "https://www.cda.pl/video/176522872", 
    "year": "2017"
  }, 
  {
    "_filmweb": "775951", 
    "code": "720p", 
    "dirtytitle": "Logan Lucky (2017) PL", 
    "duration": 7140.0, 
    "genre": "Komedia kryminalna", 
    "img": "http://1.fwcdn.pl/po/59/51/775951/7796799.3.jpg", 
    "label": "[COLOR green] pl [/COLOR]", 
    "msg": "", 
    "new": "Nowo\u015b\u0107", 
    "plot": "Dwaj bracia organizuj\u0105 skok podczas wy\u015bcig\u00f3w samochodowych NASCAR w Karolinie P\u00f3\u0142nocnej.", 
    "rating": 6.557823, 
    "studio": "USA", 
    "title": " Logan Lucky (2017)", 
    "trailer": "http://mm.filmweb.pl/775951/logan_lucky_international_trailer__1__2017____movieclips_trailers___youtube__720p_.720p.mp4", 
    "url": "https://www.cda.pl/video/1763074f1", 
    "year": "2017"
  }, 
  {
    "_filmweb": "797474", 
    "code": "720p", 
    "dirtytitle": "\u015awi\u0105teczny ksi\u0105\u017c\u0119 / A Christmas Prince (2017) Lektor PL", 
    "duration": 5520.0, 
    "genre": "Romans", 
    "img": "http://1.fwcdn.pl/po/74/74/797474/7817993.3.jpg", 
    "label": "[COLOR green] lektor pl [/COLOR]", 
    "msg": "", 
    "new": "", 
    "plot": "", 
    "rating": 5.8608694, 
    "studio": "USA", 
    "title": "\u015awi\u0105teczny ksi\u0105\u017c\u0119 (2017)", 
    "trailer": "", 
    "url": "https://www.cda.pl/video/1743157ff", 
    "year": "2017"
  }, 
  {
    "_filmweb": "778228", 
    "code": "720p", 
    "dirtytitle": "One Week Friends (2017) Napisy ENG", 
    "duration": 7200.0, 
    "genre": "", 
    "img": "http://1.fwcdn.pl/po/82/28/778228/7793295.3.jpg", 
    "label": "[COLOR green] napisy [/COLOR]", 
    "msg": "", 
    "new": "Nowo\u015b\u0107", 
    "plot": "", 
    "rating": 6.23077, 
    "studio": "Japonia", 
    "title": "Tygodniowi przyjaciele (2017)", 
    "trailer": "", 
    "url": "https://www.cda.pl/video/175878135", 
    "year": "2017"
  }, 
  {
    "_filmweb": "775555", 
    "code": "720p", 
    "dirtytitle": "P to JK (2017) Napisy ENG", 
    "duration": 7440.0, 
    "genre": "Komedia", 
    "img": "http://1.fwcdn.pl/po/55/55/775555/7780733.3.jpg", 
    "label": "[COLOR green] napisy [/COLOR]", 
    "msg": "", 
    "new": "Nowo\u015b\u0107", 
    "plot": "", 
    "rating": 6.14286, 
    "studio": "Japonia", 
    "title": "P to JK (2017)", 
    "trailer": "", 
    "url": "https://www.cda.pl/video/176010411", 
    "year": "2017"
  }, 
  {
    "_filmweb": "786307", 
    "code": "1080p", 
    "dirtytitle": "Nie ma tego z\u0142ego... Full HD (2017) Lektor PL | Majtek2", 
    "duration": 5700.0, 
    "genre": "Komedia", 
    "img": "http://1.fwcdn.pl/po/63/07/786307/7801900.3.jpg", 
    "label": "[COLOR green] lektor pl [/COLOR]", 
    "msg": "", 
    "new": "Nowo\u015b\u0107", 
    "plot": "Marie-Francine po odej\u015bciu m\u0119\u017ca i utracie pracy wraca do domu rodzic\u00f3w. Wkr\u00f3tce poznaje Miguela, czaruj\u0105cego kucharza, kt\u00f3ry \u015bmiesznym zrz\u0105dzeniem losu znajduje si\u0119 w takiej samej sytuacji jak ona.", 
    "rating": 5.6465116, 
    "studio": "Belgia, Francja", 
    "title": "Nie ma tego z\u0142ego... (2017)", 
    "trailer": "http://mm.filmweb.pl/786307/niemategozlego_tlr_f_239_fr_pl_pl_51_csp_20170828_csp_iop_ov.720p.mp4", 
    "url": "https://www.cda.pl/video/1736338f3", 
    "year": "2017"
  }, 
  {
    "_filmweb": "778178", 
    "code": "720p", 
    "dirtytitle": "Przemoc po ameryka\u0144sku (2017)LEKTOR", 
    "duration": 6420.0, 
    "genre": "Thriller", 
    "img": "", 
    "label": "[COLOR green] lektor [/COLOR]", 
    "msg": "", 
    "new": "Nowo\u015b\u0107", 
    "plot": "", 
    "rating": 5.7091413, 
    "studio": "USA", 
    "title": "American Violence (2017)", 
    "trailer": "http://mm.filmweb.pl/778178/american_violence_official_trailer_1.720p.mp4", 
    "url": "https://www.cda.pl/video/173254948", 
    "year": "2017"
  }, 
  {
    "_filmweb": "750704", 
    "code": "1080p", 
    "dirtytitle": "Uciekaj! / Get Out *2017* HD Lektor PL", 
    "duration": 6180.0, 
    "genre": "Horror", 
    "img": "http://1.fwcdn.pl/po/07/04/750704/7783094.3.jpg", 
    "label": "[COLOR green] lektor pl [/COLOR]", 
    "msg": "", 
    "new": "", 
    "plot": "Czarnosk\u00f3ry m\u0119\u017cczyzna udaje si\u0119 ze swoj\u0105 bia\u0142\u0105 partnerk\u0105 do posiad\u0142o\u015bci jej rodzic\u00f3w.", 
    "rating": 7.0130153, 
    "studio": "USA", 
    "title": "Uciekaj! (2017)", 
    "trailer": "http://mm.filmweb.pl/trailer/get_out_official_trailer_1__2017____daniel_kaluuya_movie.720p.mp4", 
    "url": "https://www.cda.pl/video/1707985bf", 
    "year": "2017"
  }, 
  {
    "_filmweb": "736411", 
    "code": "720p", 
    "dirtytitle": "Baby; Driver (2017)", 
    "duration": 6780.0, 
    "genre": "Komedia,Akcja", 
    "img": "http://1.fwcdn.pl/po/64/11/736411/7793503.3.jpg", 
    "label": "", 
    "msg": "", 
    "new": "Nowo\u015b\u0107", 
    "plot": "Chc\u0105cy zerwa\u0107 z kryminaln\u0105 przesz\u0142o\u015bci\u0105 m\u0142ody ch\u0142opak, zmuszany do pracy dla bossa mafii, zostaje wrobiony w napad skazany na niepowodzenie.", 
    "rating": 7.61943, 
    "studio": "USA, Wielka Brytania", 
    "title": "Baby Driver (2017)", 
    "trailer": "http://mm.filmweb.pl/736411/baby_driver_trailer__2017_____tekillyah_.720p.mp4", 
    "url": "https://www.cda.pl/video/17189866b", 
    "year": "2017"
  }, 
  {
    "_filmweb": "723768", 
    "code": "1080p", 
    "dirtytitle": "Dzieciak rz\u0105dzi / The Boss Baby (2017)PL", 
    "duration": 5820.0, 
    "genre": "Animacja,Komedia", 
    "img": "http://1.fwcdn.pl/po/37/68/723768/7766415.3.jpg", 
    "label": "[COLOR green] pl [/COLOR]", 
    "msg": "", 
    "new": "Nowo\u015b\u0107", 
    "plot": "W domu siedmioletniego Tima pojawia si\u0119 dziwny braciszek. Udaj\u0105cy bobasa szef-dzidziu\u015b przyby\u0142 na ziemi\u0119 z tajemnicz\u0105 misj\u0105.", 
    "rating": 6.6964, 
    "studio": "USA", 
    "title": "Dzieciak rz\u0105dzi (2017)", 
    "trailer": "http://mm.filmweb.pl/723768/boss_baby_trl_5_pol_dub_2398_h264.720p.mp4", 
    "url": "https://www.cda.pl/video/173261535", 
    "year": "2017"
  }, 
  {
    "_filmweb": "467290", 
    "code": "1080p", 
    "dirtytitle": "Cult of Chucky Full HD (2017) Lektor PL | Majtek2", 
    "duration": 5460.0, 
    "genre": "Horror", 
    "img": "http://1.fwcdn.pl/po/72/90/467290/7796803.3.jpg", 
    "label": "[COLOR green] lektor pl [/COLOR]", 
    "msg": "", 
    "new": "", 
    "plot": "", 
    "rating": 4.701727, 
    "studio": "USA", 
    "title": "Cult of Chucky (2017)", 
    "trailer": "http://mm.filmweb.pl/467290/cult_of_chucky_trailer__1__2017__brad_dourif__jennifer_tilly_horror_movie.720p.mp4", 
    "url": "https://www.cda.pl/video/164734013", 
    "year": "2017"
  }, 
  {
    "_filmweb": "700241", 
    "code": "1080p", 
    "dirtytitle": "Gru, Dru i Minionki (2017) 1080p - Dubbing pl", 
    "duration": 5760.0, 
    "genre": "Animacja,Komedia,Przygodowy", 
    "img": "http://1.fwcdn.pl/po/02/41/700241/7792849.3.jpg", 
    "label": "[COLOR green] dubbing pl [/COLOR]", 
    "msg": "", 
    "new": "Nowo\u015b\u0107", 
    "plot": "Balthazar Bratt, by\u0142y dzieci\u0119cy gwiazdor, wymy\u015bla plan zdominowania \u015bwiata. Gru wraz z rodzin\u0105 musz\u0105 mu w tym przeszkodzi\u0107.", 
    "rating": 6.6717505, 
    "studio": "USA", 
    "title": "Gru, Dru i Minionki (2017)", 
    "trailer": "http://mm.filmweb.pl/700241/despicable_me_3_trailer__3.720p.mp4", 
    "url": "https://www.cda.pl/video/16448238d", 
    "year": "2017"
  }, 
  {
    "_filmweb": "788449", 
    "code": "1080p", 
    "dirtytitle": "Kierowca (2017) POLSKI LEKTOR", 
    "duration": "", 
    "genre": "Thriller,Akcja", 
    "img": "http://1.fwcdn.pl/po/84/49/788449/7802865.3.jpg", 
    "label": "[COLOR green] lektor [/COLOR]", 
    "msg": "", 
    "new": "Nowo\u015b\u0107", 
    "plot": "", 
    "rating": 6.53846, 
    "studio": "USA", 
    "title": "Kierowca (2017)", 
    "trailer": "http://mm.filmweb.pl/788449/wheelman___trailer.720p.mp4", 
    "url": "https://www.cda.pl/video/162922347", 
    "year": "2017"
  }, 
  {
    "_filmweb": "731861", 
    "code": "1080p", 
    "dirtytitle": "Hipopotam Full HD (2017) Lektor PL | Majtek2", 
    "duration": "", 
    "genre": "Komedia", 
    "img": "http://1.fwcdn.pl/po/18/61/731861/7774637.3.jpg", 
    "label": "[COLOR green] lektor pl [/COLOR]", 
    "msg": "", 
    "new": "Nowo\u015b\u0107", 
    "plot": "", 
    "rating": 5.8727274, 
    "studio": "Wielka Brytania", 
    "title": "Hipopotam (2017)", 
    "trailer": "http://mm.filmweb.pl/731861/the_hippopotamus_trailer__1.720p.mp4", 
    "url": "https://www.cda.pl/video/1631140a9", 
    "year": "2017"
  }, 
  {
    "_filmweb": "708601", 
    "code": "1080p", 
    "dirtytitle": "Transformers Ostatni Rycerz Full HD (2017) Dubbing PL | Majtek2", 
    "duration": 8880.0, 
    "genre": "Akcja,Sci-Fi", 
    "img": "http://1.fwcdn.pl/po/86/01/708601/7793608.3.jpg", 
    "label": "[COLOR green] dubbing pl [/COLOR]", 
    "msg": "", 
    "new": "Nowo\u015b\u0107", 
    "plot": "Gdy na \u015bwiecie Transformery i ludzie tocz\u0105 wojn\u0119, Cade Yeager wraz ze swoimi towarzyszami wyrusza w podr\u00f3\u017c, aby zapobiec zag\u0142adzie.", 
    "rating": 6.01673, 
    "studio": "USA", 
    "title": "Transformers: Ostatni Rycerz (2017)", 
    "trailer": "http://mm.filmweb.pl/708601/transformers__the_last_knight_international_trailer__1.720p.mp4", 
    "url": "https://www.cda.pl/video/162663765", 
    "year": "2017"
  }, 
  {
    "_filmweb": "755127", 
    "code": "1080p", 
    "dirtytitle": "The Book of Henry Full HD (2017) Lektor PL | Majtek2", 
    "duration": 6300.0, 
    "genre": "Dramat,Thriller", 
    "img": "http://1.fwcdn.pl/po/51/27/755127/7776994.3.jpg", 
    "label": "[COLOR green] lektor pl [/COLOR]", 
    "msg": "", 
    "new": "Nowo\u015b\u0107", 
    "plot": "", 
    "rating": 6.54753, 
    "studio": "USA", 
    "title": "The Book of Henry (2017)", 
    "trailer": "http://mm.filmweb.pl/755127/the_book_of_henry___trailer_1__universal_pictures__hd.720p.mp4", 
    "url": "https://www.cda.pl/video/16137235d", 
    "year": "2017"
  }, 
  {
    "_filmweb": "739057", 
    "code": "1080p", 
    "dirtytitle": "Song to Song Full HD (2017) Lektor PL | Majtek2", 
    "duration": 7740.0, 
    "genre": "Dramat,Muzyczny", 
    "img": "http://1.fwcdn.pl/po/90/57/739057/7784955.3.jpg", 
    "label": "[COLOR green] lektor pl [/COLOR]", 
    "msg": "", 
    "new": "Nowo\u015b\u0107", 
    "plot": "Dwa osobliwe tr\u00f3jk\u0105ty mi\u0142osne. Obsesja i zdrada, dla kt\u00f3rych t\u0142em staje si\u0119 scena muzyczna Austin w Teksasie.", 
    "rating": 5.58891, 
    "studio": "USA", 
    "title": "Song to Song (2017)", 
    "trailer": "http://mm.filmweb.pl/739057/song_to_song___zwiastun_pl.720p.mp4", 
    "url": "https://www.cda.pl/video/1613893b5", 
    "year": "2017"
  }, 
  {
    "_filmweb": "706026", 
    "code": "720p", 
    "dirtytitle": "Berlin Syndrome - HD (2017) Napisy PL", 
    "duration": 6960.0, 
    "genre": "Thriller", 
    "img": "http://1.fwcdn.pl/po/60/26/706026/7776875.3.jpg", 
    "label": "[COLOR green] napisy pl [/COLOR]", 
    "msg": "", 
    "new": "Nowo\u015b\u0107", 
    "plot": "", 
    "rating": 6.19923, 
    "studio": "Australia", 
    "title": "Berlin Syndrome (2017)", 
    "trailer": "http://mm.filmweb.pl/706026/berlin_syndrome___official_trailer.720p.mp4", 
    "url": "https://www.cda.pl/video/1613337a2", 
    "year": "2017"
  }, 
  {
    "_filmweb": "660841", 
    "code": "1080p", 
    "dirtytitle": "Kapitan Majtas Pierwszy wielki film Full HD (2017) Dubbing PL | Majtek2", 
    "duration": 5340.0, 
    "genre": "Animacja,Komedia", 
    "img": "http://1.fwcdn.pl/po/08/41/660841/7786638.3.jpg", 
    "label": "[COLOR green] dubbing pl [/COLOR]", 
    "msg": "", 
    "new": "Nowo\u015b\u0107", 
    "plot": "Dw\u00f3ch z\u0142o\u015bliwych dzieciak\u00f3w, George Beard oraz Harold Hutchins, hipnotyzuj\u0105 swojego dyrektora szko\u0142y i zmieniaj\u0105 go w posta\u0107 z ich komiksu.", 
    "rating": 5.16611, 
    "studio": "USA", 
    "title": "Kapitan Majtas: Pierwszy wielki film (2017)", 
    "trailer": "http://mm.filmweb.pl/660841/captain_underpants_trlr_2_pol_dub_2398_h264.720p.mp4", 
    "url": "https://www.cda.pl/video/16137125d", 
    "year": "2017"
  }, 
  {
    "_filmweb": "748295", 
    "code": "720p", 
    "dirtytitle": "Guardians: Misja superbohater\u00f3w / Guardians / Zashchitniki (2017) Lektor PL", 
    "duration": "", 
    "genre": "Akcja,Sci-Fi", 
    "img": "http://1.fwcdn.pl/po/82/95/748295/7743976.3.jpg", 
    "label": "[COLOR green] lektor pl [/COLOR]", 
    "msg": "", 
    "new": "Nowo\u015b\u0107", 
    "plot": "", 
    "rating": 4.5073657, 
    "studio": "Rosja", 
    "title": "Guardians: Misja superbohater\u00f3w (2017)", 
    "trailer": "http://mm.filmweb.pl/748295/guardians_official_trailer__2.720p.mp4", 
    "url": "https://www.cda.pl/video/161107825", 
    "year": "2017"
  }, 
  {
    "_filmweb": "786980", 
    "code": "720p", 
    "dirtytitle": "Hickok [2017] Napisy pl", 
    "duration": "", 
    "genre": "Western", 
    "img": "http://1.fwcdn.pl/po/69/80/786980/7793457.3.jpg", 
    "label": "[COLOR green] napisy pl [/COLOR]", 
    "msg": "", 
    "new": "Nowo\u015b\u0107", 
    "plot": "", 
    "rating": 4.322581, 
    "studio": "USA", 
    "title": "Hickok (2017)", 
    "trailer": "http://mm.filmweb.pl/786980/hickok_trailer__1.720p.mp4", 
    "url": "https://www.cda.pl/video/16049120b", 
    "year": "2017"
  }, 
  {
    "_filmweb": "769844", 
    "code": "1080p", 
    "dirtytitle": "Na pokuszenie Full HD (2017) Lektor PL | Majtek2", 
    "duration": 5460.0, 
    "genre": "Dramat,Western", 
    "img": "http://1.fwcdn.pl/po/98/44/769844/7800502.3.jpg", 
    "label": "[COLOR green] lektor pl [/COLOR]", 
    "msg": "", 
    "new": "", 
    "plot": "Ranny \u017co\u0142nierz trafia na rekonwalescencj\u0119 do \u017ce\u0144skiej szko\u0142y z internatem. Pojawienie si\u0119 m\u0119\u017cczyzny zmienia pe\u0142n\u0105 kobiet plac\u00f3wk\u0119.", 
    "rating": 5.9968033, 
    "studio": "USA", 
    "title": "Na pokuszenie (2017)", 
    "trailer": "http://mm.filmweb.pl/trailer/the_beguiled___official_trailer__hd____in_theaters_june_23.720p.mp4", 
    "url": "https://www.cda.pl/video/16890558f", 
    "year": "2017"
  }, 
  {
    "_filmweb": "764105", 
    "code": "720p", 
    "dirtytitle": "Orbiter 9 / \u00d3rbita 9 (2017) PL. SUBBED. 720p", 
    "duration": 5700.0, 
    "genre": "Melodramat,Sci-Fi", 
    "img": "", 
    "label": "[COLOR green] pl [/COLOR]", 
    "msg": "", 
    "new": "", 
    "plot": "", 
    "rating": 5.4473686, 
    "studio": "Hiszpania, Kolumbia", 
    "title": "\u00d3rbita 9 (2017)", 
    "trailer": "", 
    "url": "https://www.cda.pl/video/1537056cd", 
    "year": "2017"
  }, 
  {
    "_filmweb": "738280", 
    "code": "720p", 
    "dirtytitle": "The. House. 2017.pl", 
    "duration": 5280.0, 
    "genre": "Komedia", 
    "img": "http://1.fwcdn.pl/po/82/80/738280/7799693.3.jpg", 
    "label": "[COLOR green] pl [/COLOR]", 
    "msg": "", 
    "new": "Nowo\u015b\u0107", 
    "plot": "Ma\u0142\u017ce\u0144stwo, kt\u00f3re straci\u0142o pieni\u0105dze przeznaczone na studia c\u00f3rki, postanawia zdoby\u0107 je za wszelk\u0105 cen\u0119. Zak\u0142adaj\u0105 w domu nielegalne kasyno.", 
    "rating": 5.47222, 
    "studio": "USA", 
    "title": "Dom wygranych (2017)", 
    "trailer": "http://mm.filmweb.pl/738280/dom_wygranych___zwiastun_f3_pl_sub.720p.mp4", 
    "url": "https://www.cda.pl/video/160686007", 
    "year": "2017"
  }, 
  {
    "_filmweb": "720091", 
    "code": "720p", 
    "dirtytitle": "Revolt (2017)NAPISY PL", 
    "duration": "", 
    "genre": "Akcja,Sci-Fi", 
    "img": "http://1.fwcdn.pl/po/00/91/720091/7707811.3.jpg", 
    "label": "[COLOR green] napisy pl [/COLOR]", 
    "msg": "", 
    "new": "Nowo\u015b\u0107", 
    "plot": "", 
    "rating": 5.095238, 
    "studio": "USA", 
    "title": "Revolt (2017)", 
    "trailer": "", 
    "url": "https://www.cda.pl/video/15973675a", 
    "year": "2017"
  }, 
  {
    "_filmweb": "736144", 
    "code": "1080p", 
    "dirtytitle": "Mi\u0119dzy nami kosmos (2017)", 
    "duration": 7260.0, 
    "genre": "Sci-Fi", 
    "img": "http://1.fwcdn.pl/po/61/44/736144/7797518.3.jpg", 
    "label": "", 
    "msg": "", 
    "new": "Nowo\u015b\u0107", 
    "plot": "M\u0142ody ch\u0142opak, wychowywany przez naukowc\u00f3w w marsja\u0144skiej bazie, powraca na Ziemi\u0119, by odnale\u017a\u0107 swojego ojca.", 
    "rating": 6.38744, 
    "studio": "USA", 
    "title": "Mi\u0119dzy nami kosmos (2017)", 
    "trailer": "http://mm.filmweb.pl/736144/the_space_between_us_official_trailer_2.720p.mp4", 
    "url": "https://www.cda.pl/video/156096192", 
    "year": "2017"
  }, 
  {
    "_filmweb": "592775", 
    "code": "1080p", 
    "dirtytitle": "The Dark Tower / Mroczna Wie\u017ca 2017 HD TS Lektor IVO", 
    "duration": 5700.0, 
    "genre": "Fantasy,Horror", 
    "img": "http://1.fwcdn.pl/po/27/75/592775/7785807.3.jpg", 
    "label": "[COLOR green] lektor [/COLOR]", 
    "msg": "", 
    "new": "", 
    "plot": "Adaptacja sagi Stephena Kinga. Powojenny \u015bwiat zaludniony przez mutanty, demony i wampiry przemierza Roland, poszukuj\u0105c tajemniczej Mrocznej Wie\u017cy.", 
    "rating": 10, 
    "studio": "USA", 
    "title": "Mroczna wie\u017ca (2017)", 
    "trailer": "http://mm.filmweb.pl/592775/the_dark_tower_international_trailer__2.720p.mp4", 
    "url": "https://www.cda.pl/video/1539414e5", 
    "year": "2017"
  }, 
  {
    "_filmweb": "758270", 
    "code": "720p", 
    "dirtytitle": "Jasper Jones (2017) Lektor PL", 
    "duration": "", 
    "genre": "Thriller", 
    "img": "http://1.fwcdn.pl/po/82/70/758270/7784169.3.jpg", 
    "label": "[COLOR green] lektor pl [/COLOR]", 
    "msg": "", 
    "new": "Nowo\u015b\u0107", 
    "plot": "", 
    "rating": 6.18966, 
    "studio": "Australia", 
    "title": "Jasper Jones (2017)", 
    "trailer": "", 
    "url": "https://www.cda.pl/video/153242340", 
    "year": "2017"
  }, 
  {
    "_filmweb": "788645", 
    "code": "1080p", 
    "dirtytitle": "Pray For Rain (2017) Dubbing PL", 
    "duration": 5520.0, 
    "genre": "Dramat", 
    "img": "", 
    "label": "[COLOR green] dubbing pl [/COLOR]", 
    "msg": "", 
    "new": "", 
    "plot": "", 
    "rating": 5.5, 
    "studio": "USA", 
    "title": "Pray for Rain (2017)", 
    "trailer": "", 
    "url": "https://www.cda.pl/video/1520989c6", 
    "year": "2017"
  }, 
  {
    "_filmweb": "783988", 
    "code": "720p", 
    "dirtytitle": "Black Site Delta (2017) Napisy PL", 
    "duration": 5220.0, 
    "genre": "Akcja", 
    "img": "http://1.fwcdn.pl/po/39/88/783988/7785134.3.jpg", 
    "label": "[COLOR green] napisy pl [/COLOR]", 
    "msg": "", 
    "new": "", 
    "plot": "", 
    "rating": 3.5, 
    "studio": "USA", 
    "title": "Black Site Delta (2017)", 
    "trailer": "http://mm.filmweb.pl/783988/black_site_delta_trailer__1.720p.mp4", 
    "url": "https://www.cda.pl/video/151857672", 
    "year": "2017"
  }, 
  {
    "_filmweb": "762597", 
    "code": "720p", 
    "dirtytitle": "Kolacja / The Dinner 2017 720p Lektor PL", 
    "duration": 7200.0, 
    "genre": "Dramat,Thriller", 
    "img": "http://1.fwcdn.pl/po/25/97/762597/7782614.3.jpg", 
    "label": "[COLOR green] lektor pl [/COLOR]", 
    "msg": "", 
    "new": "Nowo\u015b\u0107", 
    "plot": "", 
    "rating": 4.75, 
    "studio": "USA", 
    "title": "Kolacja (2017)", 
    "trailer": "http://mm.filmweb.pl/762597/the_dinner_official_trailer.720p.mp4", 
    "url": "https://www.cda.pl/video/152364240", 
    "year": "2017"
  }, 
  {
    "_filmweb": "748144", 
    "code": "1080p", 
    "dirtytitle": "Zlecenie-Larceny. 2017. PL", 
    "duration": 5520.0, 
    "genre": "Thriller,Akcja", 
    "img": "http://1.fwcdn.pl/po/81/44/748144/7789227.3.jpg", 
    "label": "[COLOR green] pl [/COLOR]", 
    "msg": "", 
    "new": "Nowo\u015b\u0107", 
    "plot": "", 
    "rating": 3.5780346, 
    "studio": "Meksyk, USA", 
    "title": "Zlecenie (2017)", 
    "trailer": "http://mm.filmweb.pl/748144/zlecenie___zwiastun___youtube__720p_.720p.mp4", 
    "url": "https://www.cda.pl/video/1523285fb", 
    "year": "2017"
  }, 
  {
    "_filmweb": "730103", 
    "code": "720p", 
    "dirtytitle": "Pilgrimage (2017) Napisy PL", 
    "duration": 5760.0, 
    "genre": "Dramat,Przygodowy", 
    "img": "http://1.fwcdn.pl/po/01/03/730103/7797508.3.jpg", 
    "label": "[COLOR green] napisy pl [/COLOR]", 
    "msg": "", 
    "new": "", 
    "plot": "", 
    "rating": 6.4897957, 
    "studio": "Irlandia", 
    "title": "Pilgrimage (2017)", 
    "trailer": "http://mm.filmweb.pl/730103/pilgrimage___official_uk_trailer___coming_soon.720p.mp4", 
    "url": "https://www.cda.pl/video/152213158", 
    "year": "2017"
  }, 
  {
    "_filmweb": "675905", 
    "code": "1080p", 
    "dirtytitle": "The Saint (2017) Lektor PL", 
    "duration": 5460.0, 
    "genre": "Akcja", 
    "img": "http://1.fwcdn.pl/po/59/05/675905/7615326.3.jpg", 
    "label": "[COLOR green] lektor pl [/COLOR]", 
    "msg": "", 
    "new": "Nowo\u015b\u0107", 
    "plot": "", 
    "rating": 4.54902, 
    "studio": "USA", 
    "title": "The Saint (2017)", 
    "trailer": "", 
    "url": "https://www.cda.pl/video/151856406", 
    "year": "2017"
  }, 
  {
    "_filmweb": "784747", 
    "code": "1080p", 
    "dirtytitle": "Dron Full HD (2017) Lektor PL | Majtek2", 
    "duration": 5460.0, 
    "genre": "Thriller", 
    "img": "http://1.fwcdn.pl/po/47/47/784747/7785766.3.jpg", 
    "label": "[COLOR green] lektor pl [/COLOR]", 
    "msg": "", 
    "new": "Nowo\u015b\u0107", 
    "plot": "", 
    "rating": 4.51899, 
    "studio": "Kanada", 
    "title": "Dron (2017)", 
    "trailer": "http://mm.filmweb.pl/784747/drone_trailer__1.720p.mp4", 
    "url": "https://www.cda.pl/video/151755102", 
    "year": "2017"
  }, 
  {
    "_filmweb": "573693", 
    "code": "1080p", 
    "dirtytitle": "Bye Bye Man 2017 Lektor PL", 
    "duration": 5760.0, 
    "genre": "Horror", 
    "img": "http://1.fwcdn.pl/po/36/93/573693/7782783.3.jpg", 
    "label": "[COLOR green] lektor pl [/COLOR]", 
    "msg": "", 
    "new": "", 
    "plot": "Tr\u00f3jka przyjaci\u00f3\u0142 bezwiednie uwalnia tajemnicz\u0105 posta\u0107, kt\u00f3ra odpowiada za niewyobra\u017calnie z\u0142e zachowania u ludzi.", 
    "rating": 5.09439, 
    "studio": "USA", 
    "title": "Bye Bye Man (2017)", 
    "trailer": "http://mm.filmweb.pl/573693/the_bye_bye_man_official_trailer__1.720p.mp4", 
    "url": "https://www.cda.pl/video/14522791c", 
    "year": "2017"
  }, 
  {
    "_filmweb": "674146", 
    "code": "1080p", 
    "dirtytitle": "Mumia Full HD (2017) Lektor PL | Majtek2", 
    "duration": 6600.0, 
    "genre": "Fantasy,Przygodowy", 
    "img": "http://1.fwcdn.pl/po/41/46/674146/7771174.3.jpg", 
    "label": "[COLOR green] lektor pl [/COLOR]", 
    "msg": "", 
    "new": "Nowo\u015b\u0107", 
    "plot": "Komandos marynarki wojennej, Nick Morton, wyrusza z zespo\u0142em do Iraku, by odnale\u017a\u0107 ukrywaj\u0105c\u0105 si\u0119 w bunkrze grup\u0119 terroryst\u00f3w. Na miejscu odkrywa staro\u017cytny grobowiec, gdzie czyha ukryte niebezpiecze\u0144stwo.", 
    "rating": 5.51657, 
    "studio": "USA", 
    "title": "Mumia (2017)", 
    "trailer": "http://mm.filmweb.pl/674146/the_mummy___official_trailer__3__hd_.720p.mp4", 
    "url": "https://www.cda.pl/video/15918875e", 
    "year": "2017"
  }, 
  {
    "_filmweb": "782286", 
    "code": "720p", 
    "dirtytitle": "Drobne zbrodnie HD (2017) Lektor PL/cinema vision", 
    "duration": 5400.0, 
    "genre": "", 
    "img": "", 
    "label": "[COLOR green] lektor pl [/COLOR]", 
    "msg": "", 
    "new": "Nowo\u015b\u0107", 
    "plot": "", 
    "rating": 7, 
    "studio": "Kanada, USA", 
    "title": "Small Crimes (2017)", 
    "trailer": "http://mm.filmweb.pl/782286/small_crimes_official_trailer_1.720p.mp4", 
    "url": "https://www.cda.pl/video/146588727", 
    "year": "2017"
  }, 
  {
    "_filmweb": "765527", 
    "code": "720p", 
    "dirtytitle": "Historia zemsty / Vengeance: A Love Story (2017)", 
    "duration": 5940.0, 
    "genre": "Thriller", 
    "img": "http://1.fwcdn.pl/po/55/27/765527/7791650.3.jpg", 
    "label": "", 
    "msg": "", 
    "new": "Nowo\u015b\u0107", 
    "plot": "", 
    "rating": 4.02778, 
    "studio": "USA", 
    "title": "Historia zemsty (2017)", 
    "trailer": "http://mm.filmweb.pl/765527/historia_zemsty_trailer_pl.720p.mp4", 
    "url": "https://www.cda.pl/video/146506487", 
    "year": "2017"
  }, 
  {
    "_filmweb": "769770", 
    "code": "720p", 
    "dirtytitle": "Shimmer Lake 2017 720p WEBRip Lektor PL", 
    "duration": 4980.0, 
    "genre": "Dramat,Krymina\u0142", 
    "img": "", 
    "label": "[COLOR green] lektor pl [/COLOR]", 
    "msg": "", 
    "new": "Nowo\u015b\u0107", 
    "plot": "", 
    "rating": 8, 
    "studio": "Kanada, USA", 
    "title": "Shimmer Lake (2017)", 
    "trailer": "", 
    "url": "http://www.cda.pl/video/1447089a3", 
    "year": "2017"
  }, 
  {
    "_filmweb": "781680", 
    "code": "1080p", 
    "dirtytitle": "Ba\u0142ka\u0144ska Vendetta [Full HD] [2017] [Lektor PL]", 
    "duration": "", 
    "genre": "Akcja", 
    "img": "http://1.fwcdn.pl/po/16/80/781680/7791645.3.jpg", 
    "label": "[COLOR green] lektor pl [/COLOR]", 
    "msg": "", 
    "new": "Nowo\u015b\u0107", 
    "plot": "", 
    "rating": 4.17204, 
    "studio": "USA", 
    "title": "Ba\u0142ka\u0144ska vendetta (2017)", 
    "trailer": "", 
    "url": "https://www.cda.pl/video/16230375d", 
    "year": "2017"
  }, 
  {
    "_filmweb": "778572", 
    "code": "1080p", 
    "dirtytitle": "Savage Dog (2017) napisy HD", 
    "duration": 5640.0, 
    "genre": "Akcja", 
    "img": "", 
    "label": "[COLOR green] napisy [/COLOR]", 
    "msg": "", 
    "new": "Nowo\u015b\u0107", 
    "plot": "", 
    "rating": 0, 
    "studio": "USA", 
    "title": "Savage Dog (2017)", 
    "trailer": "http://mm.filmweb.pl/778572/savage_dog___teaser__official_.720p.mp4", 
    "url": "http://www.cda.pl/video/1400652c1", 
    "year": "2017"
  }, 
  {
    "_filmweb": "745422", 
    "code": "1080p", 
    "dirtytitle": "Sleepless (2017)", 
    "duration": 5700.0, 
    "genre": "Thriller,Akcja", 
    "img": "http://1.fwcdn.pl/po/54/22/745422/7776477.3.jpg", 
    "label": "[COLOR green] pl [/COLOR]", 
    "msg": "", 
    "new": "Nowo\u015b\u0107", 
    "plot": "", 
    "rating": 5.29121, 
    "studio": "USA", 
    "title": "Sleepless (2017)", 
    "trailer": "http://mm.filmweb.pl/745422/sleepless___restricted_trailer___in_theaters_january13.720p.mp4", 
    "url": "https://www.cda.pl/video/145228184", 
    "year": "2017"
  }, 
  {
    "_filmweb": "701842", 
    "code": "720p", 
    "dirtytitle": "Raees (2017) Napisy PL", 
    "duration": 9660.0, 
    "genre": "Krymina\u0142,Thriller,Akcja", 
    "img": "http://1.fwcdn.pl/po/18/42/701842/7706392.3.jpg", 
    "label": "[COLOR green] napisy pl [/COLOR]", 
    "msg": "", 
    "new": "Nowo\u015b\u0107", 
    "plot": "", 
    "rating": 7.4842105, 
    "studio": "Indie", 
    "title": "Raees (2017)", 
    "trailer": "http://mm.filmweb.pl/701842/raees_teaser___shah_rukh_khan_i_nawazuddin_siddiqui_i_mahira_khan___eid_2016.720p.mp4", 
    "url": "http://www.cda.pl/video/139076202", 
    "year": "2017"
  }, 
  {
    "_filmweb": "757063", 
    "code": "720p", 
    "dirtytitle": "Sand Castle 2017 720p Lektor PL", 
    "duration": "", 
    "genre": "Dramat,Wojenny", 
    "img": "", 
    "label": "[COLOR green] lektor pl [/COLOR]", 
    "msg": "", 
    "new": "Nowo\u015b\u0107", 
    "plot": "", 
    "rating": 0, 
    "studio": "Wielka Brytania", 
    "title": "Sand Castle (2017)", 
    "trailer": "http://mm.filmweb.pl/757063/sand_castle_trailer__1.720p.mp4", 
    "url": "http://www.cda.pl/video/1375847a5", 
    "year": "2017"
  }, 
  {
    "_filmweb": "722146", 
    "code": "1080p", 
    "dirtytitle": "Stra\u017cnicy (2017) Napisy Full HD", 
    "duration": 8220.0, 
    "genre": "Akcja,Sci-Fi", 
    "img": "http://1.fwcdn.pl/po/21/46/722146/7779933.3.jpg", 
    "label": "[COLOR green] napisy [/COLOR]", 
    "msg": "", 
    "new": "Nowo\u015b\u0107", 
    "plot": "Peter Quill z dru\u017cyn\u0105 wyrzutk\u00f3w kontynuuje podr\u00f3\u017c przez kosmos i jako obro\u0144ca galaktyki stawia czo\u0142a nowym niebezpiecze\u0144stwom. Poznaje tak\u017ce prawd\u0119 o swoim ojcu\u00a0oraz jego dziedzictwie.", 
    "rating": 0, 
    "studio": "USA", 
    "title": "Stra\u017cnicy Galaktyki vol. 2 (2017)", 
    "trailer": "http://mm.filmweb.pl/722146/straznicy_galaktyki_vol__2___polski_zwiastun__1.720p.mp4", 
    "url": "http://www.cda.pl/video/1401493f1", 
    "year": "2017"
  }, 
  {
    "_filmweb": "767031", 
    "code": "720p", 
    "dirtytitle": "Death Race 2050 (2017) PL", 
    "duration": "", 
    "genre": "Komedia,Akcja,Sci-Fi", 
    "img": "http://1.fwcdn.pl/po/70/31/767031/7770968.3.jpg", 
    "label": "[COLOR green] pl [/COLOR]", 
    "msg": "", 
    "new": "Nowo\u015b\u0107", 
    "plot": "", 
    "rating": 3.11407, 
    "studio": "USA", 
    "title": "Death Race 2050 (2017)", 
    "trailer": "", 
    "url": "http://www.cda.pl/video/1348779c5", 
    "year": "2017"
  }, 
  {
    "_filmweb": "757770", 
    "code": "720p", 
    "dirtytitle": "Odkrycie / The discovery 2017 Lektor PL HD", 
    "duration": 6600.0, 
    "genre": "Romans,Sci-Fi", 
    "img": "http://1.fwcdn.pl/po/77/70/757770/7779117.3.jpg", 
    "label": "[COLOR green] lektor pl [/COLOR]", 
    "msg": "", 
    "new": "Nowo\u015b\u0107", 
    "plot": "", 
    "rating": 9.16667, 
    "studio": "USA", 
    "title": "Odkrycie (2017)", 
    "trailer": "http://mm.filmweb.pl/757770/odkrycie___trailer___31_marca_tylko_w_serwisie_netflix.720p.mp4", 
    "url": "http://www.cda.pl/video/134028674", 
    "year": "2017"
  }, 
  {
    "_filmweb": "778308", 
    "code": "720p", 
    "dirtytitle": "Barbie w \u015bwiecie gier / Barbie Video Game Hero (2017) PLDUB", 
    "duration": 4320.0, 
    "genre": "Animacja", 
    "img": "http://1.fwcdn.pl/po/83/08/778308/7775007.3.jpg", 
    "label": "[COLOR green] pl [/COLOR]", 
    "msg": "", 
    "new": "Nowo\u015b\u0107", 
    "plot": "Barbie, magicznie wci\u0105gni\u0119ta do ulubionej gry wideo, staje si\u0119 jedn\u0105 z postaci bior\u0105cych udzia\u0142 w wy\u015bcigach na wrotkach.", 
    "rating": 5.94737, 
    "studio": "USA", 
    "title": "Barbie w \u015bwiecie gier (2017)", 
    "trailer": "", 
    "url": "http://www.cda.pl/video/130284235", 
    "year": "2017"
  }, 
  {
    "_filmweb": "778075", 
    "code": "720p", 
    "dirtytitle": "Clinical (2017) Lektor PL. 720p. WEBRip. XviD", 
    "duration": "", 
    "genre": "", 
    "img": "", 
    "label": "[COLOR green] lektor pl [/COLOR]", 
    "msg": "", 
    "new": "Nowo\u015b\u0107", 
    "plot": "", 
    "rating": 3, 
    "studio": "", 
    "title": "Clinical (2017)", 
    "trailer": "", 
    "url": "http://www.cda.pl/video/11935361c", 
    "year": "2017"
  }, 
  {
    "_filmweb": "762711", 
    "code": "1080p", 
    "dirtytitle": "\u2606 I Am the Pretty Thing That Lives in the House (2016) PL. \u2606", 
    "duration": "", 
    "genre": "Thriller", 
    "img": "", 
    "label": "[COLOR green] pl [/COLOR]", 
    "msg": "", 
    "new": "", 
    "plot": "", 
    "rating": 3.2954545, 
    "studio": "USA", 
    "title": "I Am the Pretty Thing That Lives in the House (2017)", 
    "trailer": "", 
    "url": "http://www.cda.pl/video/1077162b6", 
    "year": "2017"
  }, 
  {
    "_filmweb": "704445", 
    "code": "720p", 
    "dirtytitle": "Spectral (2016) / Lektor PL", 
    "duration": "", 
    "genre": "Akcja", 
    "img": "", 
    "label": "[COLOR green] lektor pl [/COLOR]", 
    "msg": "", 
    "new": "", 
    "plot": "Jednostka si\u0142 specjalnych stawia czo\u0142a nadnaturalnym istotom.", 
    "rating": 8.63158, 
    "studio": "USA", 
    "title": "Spectral (2017)", 
    "trailer": "", 
    "url": "http://www.cda.pl/video/11422237a", 
    "year": "2017"
  }
]