{
    "Kabaretowy Szał (2014) " :[{ "folder" : "http://www.cda.pl/Marek_Dj-Marco/folder/1077694", "items" : true, "flter_item" :{} }],
	"Kabaret Starszych Panów" :[{ "folder" : "http://www.cda.pl/Polski_Kanal_Muzyczno-Filmowy/folder/1277845" }],
	"Kabaret Moralnego Niepokoju (programy)" :
	[
		{"title" : "Kabaret Moralnego Niepokoju - Trasasasa", "url": "http://www.cda.pl/video/2117316f", "code":"","img":"http://ecsmedia.pl/c/trasasasa-b-iext21085088.jpg"},
		{"title" : "Kabaret Moralnego Niepokoju - Historia Polski", "url": "http://www.cda.pl/video/14360087", "code":"720p","img":"http://www.zrobkabaret.pl/th/zk/files/realizacje-historia-swiata-wedlug-kabaretu-moralnego-niepokoju/HistoriaSwiata_DVD.jpg"},
		{"title" : "Kabaret Moralnego Niepokoju - Historia Świata", "url": "http://www.cda.pl/video/51463129", "code":""},
		{"title" : "Kabaret Moralnego Niepokoju - Pogoda Na Suma", "url": "http://www.cda.pl/video/1423878d", "code":"720p"},
		{"title" : "Kabaret Moralnego Niepokoju - Galaktikos (2011)", "url": "http://www.cda.pl/video/599774d7", "code":"720p","img":"http://i.imgur.com/GGkWW.jpg"},
		{"title" : "Kabaret Moralnego Niepokoju - Babilon Tour (2010) ", "url": "http://www.cda.pl/video/59972769", "code":"","img":"http://static.dvdmax.pl/kabaret-moralnego-niepokoju-babilon-tour-dvd_midi_66293_0003.jpg"}
		
	],
	"Kabaret Ani Mru Mru":[
		{"title" : "Czerń czy Biel", "url": "http://www.cda.pl/video/59971167", "code":"720p","img":"http://sklep.kabarety.com.pl/biblioteka/okladki-DVD/ammccb.jpg"},
		{"title" : "Jak się nie da, a bardzo się chce to można!", "url": "http://www.cda.pl/video/127156f3", "code":"","img":"http://img-1.koncertomania.pl/plakaty/duzy/1/1419253525kzkdUqTZ7BUbCOX2zjfr3ygh3UnQYW.jpg"},
		{"title" : "Nuda rutyna i odcinanie kuponów", "url": "http://www.cda.pl/video/49610009", "code":"","img":"http://tvwlodawa.pl/wp-content/uploads/2012/12/animrumru.jpg"}
		
	],
	"Kabaret Neo Nówka":[
		{"title" : "Co by było gdyby", "url": "http://www.cda.pl/video/20171693", "code":"","img":"http://s27.postimg.org/7mst9dv5v/e48396ca_0ece_46f0_bdab_f2c8578ce99e_zpsa49eea52.jpg"},
		{"title" : "Pielgrzymka do miejsc śmiesznych", "url":"http://www.cda.pl/video/17090661","img":"http://biletynakabarety.pl/file/get/id/110"},
		{"title" : "N jak Neo-Nówka i przyjaciele Część 1", "url":"http://www.cda.pl/video/59969792","img":""},
		{"title" : "N jak Neo-Nówka i przyjaciele Część 2", "url":"http://www.cda.pl/video/59968609","img":""}
	],
	"Kabaret Hrabi | Potem":[
		{"title":"Kabaret Hrabi - Pojutrze", 				"url":"http://www.cda.pl/video/555894c7", "code":"SD"},
		{"title":"Kabaret Hrabi - Terapia", 				"url":"http://www.cda.pl/video/8890018", "code":"SD"},
		{"title":"Kabaret Potem - Dzikie Muzy (1998)", 		"url":"http://www.cda.pl/video/156286e6", "code":"SD"}
	],
	"Kabaretu Skeczow Meczacych" :[
		{"title":"10 Lecie Kabaretu Skeczow Meczacych (2013) Część 1","url": "http://www.cda.pl/video/59965922", "code":"","img":"http://eskander.com.pl/biblioteka/ksm_10_lat_plakat_B1_v1.jpg"},
		{"title":"10 Lecie Kabaretu Skeczow Meczacych (2013) Część 2","url": "http://www.cda.pl/video/599672d5", "code":"","img":"http://eskander.com.pl/biblioteka/ksm_10_lat_plakat_B1_v1.jpg"}
	],
	"XVI Mazurska Noc Kabaretowa (2014)":[
		{"title":"cz 1", 				"url":"http://www.cda.pl/video/13687484", "code":"SD"},
		{"title":"cz 2", 				"url":"http://www.cda.pl/video/1368852e", "code":"SD"},
		{"title":"cz 3", 				"url":"http://www.cda.pl/video/13688661", "code":"SD"}
	],
	"19 Festiwal Kabaretu W Koszalinie":[
		{"title":"cz 1", 				"url":"http://www.cda.pl/video/941368e", "code":"SD"},
		{"title":"cz 2", 				"url":"http://www.cda.pl/video/94137d1", "code":"SD"},
		{"title":"cz 3", 				"url":"http://www.cda.pl/video/941395a", "code":"SD"}
	],
	"21 Festiwal Kabaretu w Koszalinie (2015)":[
		{"title":"cz 1", 				"url":"http://www.cda.pl/video/7918848e", "code":"SD"},
		{"title":"cz 2", 				"url":"http://www.cda.pl/video/79209112", "code":"SD"},
		{"title":"cz 3", 				"url":"http://www.cda.pl/video/7921783d", "code":"SD"}
	],
	"22 Festiwal Kabaretu W Koszalinie (2016)":[
		{"title":"Park Rozrywki","url":"http://www.cda.pl/video/93015069", "code":"HD","img":"http://online-tv.pl/wp-content/uploads/2016/07/22.-Festiwal-Kabaretu-Koszalin-2016-NA-%C5%BBYWO-ogl%C4%85daj-Festiwal-Kabaretu-w-Koszalinie-ONLINE-ZA-DARMO.jpg"}
	],
	"Cezary Pazura":[ 
		{ "folder" : "http://www.cda.pl/CezaryPazura/folder/1053454" },
		{ "folder" : "http://www.cda.pl/CezaryPazura/folder/1119098" }
	],
	"Paranienormalni":[
		{"title" :"Mariolka prawdę Ci powie (2009)","url": "http://www.cda.pl/video/88898b2", "code":"","img":"http://static.dvdmax.pl/kabaret-paranienormalni-mariolka-prawde-ci-powie-dvdksiAzka_midi_91287_0002.jpg"},
		{"title" :"Szybcy i śmieszni (2013)","url": "http://www.cda.pl/video/888615a", "code":"","img":"https://proxy1.pebx.eu/?url=i47.fastpic.ru%2Fbig%2F2013%2F0503%2Fa3%2F302da4f36175ab842701420ae62ea0a3.jpg"},
		{"title" :"10-lecie kabaretu Paranienormalni (2014)","url": "http://www.cda.pl/video/166281b9", "code":"","img":"http://www.teatrpolski.wroc.pl/sites/default/files/content/obce/paranienormalni-2014-11-17.jpg"}
	],
	"Sopot SuperHit Festiwal (2016)" :[{"title":"Radiowy Przebój Roku","url":"http://www.cda.pl/video/92727025", "code":"HD"}],
	"Super Hit Festiwal - Sopocki Hit Kabaretowy" :[{"title":"Sopocki Hit Kabaretowy. „W drogę”","url":"http://www.cda.pl/video/918161ea", "code":""}]
}
 