[
  {
    "_filmweb": "803156", 
    "code": "720p", 
    "dirtytitle": "Benji (2018) PL. 720p", 
    "duration": 5220.0, 
    "genre": "Familijny", 
    "img": "http://1.fwcdn.pl/po/31/56/803156/7833426.3.jpg", 
    "label": "[COLOR lightgreen] pl [/COLOR]", 
    "new": "Nowo\u015b\u0107", 
    "plot": "Kiedy ma\u0142y ch\u0142opiec i jego siostra wpadaj\u0105 w k\u0142opoty, dzielny pies rusza im na ratunek.\u00a0", 
    "rating": 6.0285716, 
    "studio": "USA", 
    "title": "Benji (2018)", 
    "trailer": "http://mm.filmweb.pl/803156/benji___official_teaser__hd____netflix.720p.mp4", 
    "url": "https://www.cda.pl/video/20802062a", 
    "year": "2018"
  }, 
  {
    "_filmweb": "802949", 
    "code": "1080p", 
    "dirtytitle": "Scooby-Doo! i Batman_ Odwa\u017cniaki i straszaki 2018", 
    "duration": "", 
    "genre": "", 
    "img": "http://1.fwcdn.pl/po/29/49/802949/7830313.3.jpg", 
    "label": "", 
    "new": "", 
    "plot": "", 
    "rating": 6.08219, 
    "studio": "", 
    "title": "Scooby-Doo! i Batman: Odwa\u017cniaki i straszaki (2018)", 
    "trailer": "", 
    "url": "https://www.cda.pl/video/2018724e4", 
    "year": "2018"
  }, 
  {
    "_filmweb": "730844", 
    "code": "1080p", 
    "dirtytitle": "Anihilacja / Annihilation (2018)", 
    "duration": "", 
    "genre": "Thriller,Akcja,Sci-Fi", 
    "img": "http://1.fwcdn.pl/po/08/44/730844/7833139.3.jpg", 
    "label": "", 
    "new": "Nowo\u015b\u0107", 
    "plot": "Biolo\u017cka wyrusza na tajemnicz\u0105 wypraw\u0119 tam, gdzie prawo natury nie istnieje.", 
    "rating": 6.78947, 
    "studio": "USA, Wielka Brytania", 
    "title": "Anihilacja (2018)", 
    "trailer": "http://mm.filmweb.pl/730844/anihilacja___oficjalny_zwiastun__hd____netflix.720p.mp4", 
    "url": "https://www.cda.pl/video/2067000b1", 
    "year": "2018"
  }, 
  {
    "_filmweb": "671824", 
    "code": "720p", 
    "dirtytitle": "The Outsider (2018) PL. NF. 720p", 
    "duration": "", 
    "genre": "Thriller,Akcja", 
    "img": "http://1.fwcdn.pl/po/18/24/671824/7833152.3.jpg", 
    "label": "[COLOR lightgreen] pl [/COLOR]", 
    "new": "Nowo\u015b\u0107", 
    "plot": "", 
    "rating": 6.0495496, 
    "studio": "USA", 
    "title": "Outsider (2018)", 
    "trailer": "http://mm.filmweb.pl/671824/outsider___oficjalny_zwiastun__hd____netflix.720p.mp4", 
    "url": "https://www.cda.pl/video/20589153f", 
    "year": "2018"
  }, 
  {
    "_filmweb": "593121", 
    "code": "1080p", 
    "dirtytitle": "A. -/ Thriller,Akcja,Sci-Fi. - (2018) Lektor pl.", 
    "duration": "", 
    "genre": "Familijny,Fantasy,Przygodowy", 
    "img": "http://1.fwcdn.pl/po/31/21/593121/7810591.3.jpg", 
    "label": "[COLOR lightgreen] lektor pl [/COLOR]", 
    "new": "Nowo\u015b\u0107", 
    "plot": "Po znikni\u0119ciu naukowca trzy osobliwe istoty wysy\u0142aj\u0105 dziewczyn\u0119, jej brata i przyjaci\u00f3\u0142k\u0119 w kosmos, aby go odnale\u017a\u0107.", 
    "rating": 0, 
    "studio": "USA", 
    "title": "Pu\u0142apka czasu (2018)", 
    "trailer": "http://mm.filmweb.pl/593121/pulapka_czasu___zwiastun__1__napisy_.720p.mp4", 
    "url": "https://www.cda.pl/video/2075964c7", 
    "year": "2018"
  }, 
  {
    "_filmweb": "774675", 
    "code": "720p", 
    "dirtytitle": "Braven (2018) napisy.pl\u2b50\u2b50\u2b50", 
    "duration": 5640.0, 
    "genre": "Akcja", 
    "img": "http://1.fwcdn.pl/po/46/75/774675/7822614.3.jpg", 
    "label": "[COLOR lightgreen] napisy pl [/COLOR]", 
    "msg": "", 
    "new": "Nowo\u015b\u0107", 
    "plot": "", 
    "rating": 5.4466, 
    "studio": "Kanada", 
    "title": "Braven (2018)", 
    "trailer": "http://mm.filmweb.pl/774675/braven_official_trailer__2018____jason_momoa.720p.mp4", 
    "url": "https://www.cda.pl/video/1951784df", 
    "year": "2018"
  }
]