{
     "Smerfy Sezon1" : [{
      "folder" : "http://www.cda.pl/Marek_Dj-Marco/folder/1048262",
      "subfoders" : false,
      "items" : true,
      "recursive" :true,
      "flter_item" :{"title":"Smerfy"}
    }],
    "Zaczarowany Ołówek HD" : [{"folder" : "http://www.cda.pl/Marek_Dj-Marco/folder/1048262/2","subfoders" : false, "items" : true,  "recursive" :false, "flter_item" :{"title":"Zaczarowany"} }],
	"Zaczarowany Ołówek (wszystkie odcinki)" : [{"folder" : "http://www.cda.pl/Bajki_Polskie/folder/1031187"}],
	"Simba Król Lew" : [{"folder" : "http://www.cda.pl/MDP_Cinema/folder/1076743"}],
	"Przyjaciele z Kieszonkowa": [{"folder" : "http://www.cda.pl/MDP_Cinema/folder/1076742"}],
	"Miś Uszatek": [{"folder" : "http://www.cda.pl/kreskowkatv/folder/950281"}],
	"[Fox Kids]-kreskowkatv": [{"folder" : "http://www.cda.pl/kreskowkatv/folder-glowny"}],
	"Po drugiej stronie muru":[
		{
			"plot": "[Kompletna miniseria] Zagubieni w tajemniczym lesie dwaj bracia, próbują odnaleźć drogę do domu.", 
			"code": "720p", 
			"img": "http://1.fwcdn.pl/po/89/63/728963/7672646.3.jpg", 
			"title": "Po drugiej stronie muru (2014) ", "label": " [COLOR green] dubbing pl [/COLOR]", 
			"url": "http://www.cda.pl/video/593335e3", 
			"year": "2014", 
			"duration": 110, 
			"genre": "Bajka", 
			"trailer": ""
		}
	],
	"Krecik":[{"folder" : "http://www.cda.pl/Tago40/folder/1063852"}],
	"Sąsiedzi":[{"folder" : "http://www.cda.pl/sdt/folder/2228041"}]
	
}