{
    "Starożytni Kosmici" :[{ "folder" : "http://www.cda.pl/majtek2/folder/1000375", "subfoders" : true, "items" : true, "flter_item" :{} }],
    "Wielkie bitwy Historii" :[{ "folder" : "http://www.cda.pl/majtek2/folder/997762", "subfoders" : false, "items" : true, "flter_item" :{} }],
	"Discovery" :[{"folder" : "http://www.cda.pl/mbkasek/folder/645639"}],
	"Filmy Dokumentalne" : [
		{"folder" : "http://www.cda.pl/JAR0/folder/1289348","items" : false},
		{"folder" : "http://www.cda.pl/xTopSecretx/folder/1830834","subfoders" : false, "items" : true}
	],
	"Wielkie konstrukcje III Rzeszy":[{"folder" : "http://www.cda.pl/realm30/folder/1020612"}],
	"NASA: Z archiwum tajemnic (6) ":[{"folder" : "http://www.cda.pl/realm30/folder/640057"}],
	"Magia Systemu Słonecznego": [{"folder" : "http://www.cda.pl/xTopSecretx/folder/1833798","subfoders" : false, "items" : true}],
	"Kosmologia [sylamila]" : [{"folder" : "http://www.cda.pl/sylamila/folder/3121970","subfoders" : true, "items" : true}],
	"Przyrodnicze [sylamila]" : [{"folder" : "http://www.cda.pl/sylamila/folder/3233258","subfoders" : true, "items" : true}],
	"II Wojna Światowa [sylamila]" : [{"folder" : "http://www.cda.pl/sylamila/folder/3091304","subfoders" : true, "items" : true}],
	"Wynalazki, które wstrząsnęły światem [sylamila]" : [{"folder" : "http://www.cda.pl/sylamila/folder/3121502","subfoders" : true, "items" : true}]

}