{"Kolekcje Dokumentalne": {"count": " (11)", "plot": "Filmy dokumentalne", "jsonfile": "Kolekcje Dokumentalne.json", "idx": 11, "img": "kolekcje_dokumentalne.png", "update": "Aktualizacja: [COLOR aqua]2016-08-20[/COLOR]"}, "Kolekcje Filmowe": {"count": " (28)", "plot": "Serie filmowe z katalogow lub wybrane", "jsonfile": "Kolekcje Filmowe.json", "idx": 10, "img": "kolekcje_filmowe.png", "update": "Aktualizacja: [COLOR aqua]2016-03-29[/COLOR]"}, "Seriale": {"count": " (11)", "img": "kolekcje_seriale.png", "jsonfile": "Seriale.json", "update": "Aktualizacja: [COLOR aqua]2018-01-31[/COLOR]", "idx": 14}, "Filmy Starsze": {"count": " (2777)", "plot": "Starsze filmy < 2015", "jsonfile": "Filmy Starsze.json", "idx": 5, "img": "filmStarsze.png", "update": "Aktualizacja: [COLOR aqua]2017-03-02[/COLOR]", "lib": 1}, "Foldery u\u017cytkownik\u00f3w": {"count": " (8)", "img": "kolekcje_uzytkownikow.png", "jsonfile": "Foldery u\u017cytkownik\u00f3w.json", "update": "Aktualizacja: [COLOR aqua]2017-01-14[/COLOR]", "idx": 15}, "Bajki": {"count": " (10)", "img": "kolekcje_bajki.png", "jsonfile": "Bajki.json", "update": "Aktualizacja: [COLOR aqua]2016-08-20[/COLOR]", "idx": 12}, "Filmy 2016": {"count": " (240)", "plot": "filmy z 2016", "jsonfile": "Filmy 2016.json", "idx": 3, "img": "film2016.png", "update": "Aktualizacja: [COLOR aqua]2018-03-17[/COLOR]", "lib": 1}, "Filmy 2017": {"count": " (123)", "plot": "filmy z 2017", "jsonfile": "Filmy 2017.json", "idx": 2, "img": "film2017.png", "update": "Aktualizacja: [COLOR aqua]2018-03-17[/COLOR]", "lib": 1}, "Filmy 2015": {"count": " (281)", "plot": "Filmy z 2015", "jsonfile": "Filmy 2015.json", "idx": 4, "img": "film2015.png", "update": "Aktualizacja: [COLOR aqua]2018-03-17[/COLOR]", "lib": 1}, "Filmy 2k+": {"count": " (1617)", "plot": "Filmy wyprodukowane powy\u017cyej roku 2000", "jsonfile": "Filmy 2k+.json", "idx": 7, "img": "Media.png", "update": "Aktualizacja: [COLOR aqua]2018-03-17[/COLOR]", "lib": 1}, "Filmy 3D": {"count": " (9)", "plot": "Filmy w 3D SBS lub TAB, wymagany 3D telewizor", "jsonfile": "Filmy 3D.json", "idx": 9, "img": "film3D.png", "update": "Aktualizacja: [COLOR aqua]2018-03-17[/COLOR]"}, "Filmy do 1999": {"count": " (1048)", "plot": "Filmy wyprodukowane do roku 1999", "jsonfile": "Filmy do 1999.json", "idx": 8, "img": "Media.png", "update": "Aktualizacja: [COLOR aqua]2018-03-17[/COLOR]", "lib": 1}, "Kabarety": {"count": " (15)", "img": "kolekcje_kabarety.png", "jsonfile": "Kabarety.json", "update": "Aktualizacja: [COLOR aqua]2016-08-20[/COLOR]", "idx": 13}, "Filmy 2018": {"count": " (6)", "plot": "Najnowsze filmy z 2018", "jsonfile": "Filmy 2018.json", "idx": 1, "img": "film2018.png", "update": "Aktualizacja: [COLOR aqua]2018-03-17[/COLOR]", "lib": 1}, "Filmy Polskie": {"count": " (111)", "plot": "Polskie produkcje filmowe", "jsonfile": "Filmy Polskie.json", "idx": 6, "img": "filmPolski.png", "update": "Aktualizacja: [COLOR aqua]2018-03-17[/COLOR]", "lib": 1}}