<?xml version="1.0" encoding="UTF-8" standalone="yes"?>
<addon id="plugin.video.cdapl" version="2.1.1" name="cda.pl - Mod" provider-name="Alexandrus">
    <requires>
        <import addon="xbmc.python" version="3.0.0"/>
        <import addon="script.module.six" version="1.11.0"/>
        <import addon="script.module.kodi-six" />
        <import addon="script.module.inputstreamhelper" optional="true"/>
    </requires>
    <extension point="xbmc.python.pluginsource" library="main.py">
        <provides>video</provides>
    </extension>
    <extension point="xbmc.python.module" library="lib/"/>
    <extension point="xbmc.service" library="service.py" start="startup"/>
    <extension point="xbmc.addon.metadata">
        <summary lang="pl">Zasoby serwisu [B]cda.pl[/B]</summary>
        <description lang="pl">Wtyczka umożliwia dostęp do filmów na cda.pl</description>
        <disclaimer lang="en">A private use only.
        </disclaimer>
        <language></language>
        <platform>all</platform>
        <license>GNU GENERAL PUBLIC LICENSE. Version 2, June 1991</license>
        <forum></forum>
        <website></website>
        <assets>
            <icon>icon.png</icon>
            <fanart>fanart.jpg</fanart>
            <screenshot>resources/screenshot-01.jpg</screenshot>
            <screenshot>resources/screenshot-02.jpg</screenshot>
        </assets>
    </extension>
</addon>
